#ifndef __LCD_GUI_H
#define __LCD_GUI_H		

#include "LCD_Driver.h"
#include "fonts.h"

/********************************************************************************
function:	
			dot pixel
********************************************************************************/
typedef enum{
	DOT_PIXEL_1X1  = 1,		// dot pixel 1 x 1
	DOT_PIXEL_2X2  , 		// dot pixel 2 X 2 
	DOT_PIXEL_3X3  ,		// dot pixel 3 X 3
	DOT_PIXEL_4X4  ,		// dot pixel 4 X 4
	DOT_PIXEL_5X5  , 		// dot pixel 5 X 5
	DOT_PIXEL_6X6  , 		// dot pixel 6 X 6
	DOT_PIXEL_7X7  , 		// dot pixel 7 X 7
	DOT_PIXEL_8X8  , 		// dot pixel 8 X 8
}DOT_PIXEL;
#define DOT_PIXEL_DFT  DOT_PIXEL_1X1  //Default dot pilex

/********************************************************************************
function:	
			dot Fill style
********************************************************************************/
typedef enum{
	DOT_FILL_AROUND  = 1,		// dot pixel 1 x 1
	DOT_FILL_RIGHTUP  , 		// dot pixel 2 X 2 
}DOT_STYLE;
#define DOT_STYLE_DFT  DOT_FILL_AROUND  //Default dot pilex
/********************************************************************************
function:	
			solid line and dotted line
********************************************************************************/
typedef enum{
	LINE_SOLID = 0,
	LINE_DOTTED,
}LINE_STYLE;

/********************************************************************************
function:	
			DRAW Internal fill
********************************************************************************/
typedef enum{
	DRAW_EMPTY = 0,
	DRAW_FULL,
}DRAW_FILL;

/********************************************************************************
function:	
			Defines commonly used colors for the display
********************************************************************************/
#define GUI_BACKGROUND		BLACK   //Default background color
#define FONT_BACKGROUND		BLACK   //Default font background color
#define FONT_FOREGROUND	    YELLOW    //Default font foreground color

#define WHITE          0xFFFF
#define BLACK          0x0000	  
#define BLUE           0x001F  
#define BRED           0XF81F
#define GRED 		   0XFFE0
#define GBLUE		   0X07FF
#define RED            0xF800
#define MAGENTA        0xF81F
#define GREEN          0x07E0
#define CYAN           0x7FFF
#define YELLOW         0xFFE0
#define BROWN 		   0XBC40 
#define BRRED 		   0XFC07 
#define GRAY  		   0X8430 

/********************************************************************************
function:	
			Macro definition variable name
********************************************************************************/
//Drawing
void GUI_DrawPoint(POINT Xpoint, POINT Ypoint, COLOR Color, DOT_PIXEL Dot_Pixel, DOT_STYLE Dot_FillWay);
void GUI_DrawLine(POINT Xstart, POINT Ystart, POINT Xend, POINT Yend, COLOR Color, LINE_STYLE Line_Style, DOT_PIXEL Dot_Pixel);
void GUI_DrawRectangle(POINT Xstart, POINT Ystart, POINT Xend, POINT Yend, COLOR Color, DRAW_FILL Filled , DOT_PIXEL Dot_Pixel );
void GUI_DrawCircle(POINT X_Center, POINT Y_Center, LENGTH Radius, COLOR Color, DRAW_FILL Draw_Fill , DOT_PIXEL Dot_Pixel );
void GUI_Disbitmap(POINT Xpoint, POINT Ypoint, const unsigned char *pBmp, POINT Width, POINT Height);
//Display string
void GUI_DisChar( POINT Xstart, POINT Ystart, const char Acsii_Char, sFONT* Font, COLOR Color_Background, COLOR Color_Foreground );
void GUI_DisString_EN(POINT Xstart, POINT Ystart, const char * pString, sFONT* Font, COLOR Color_Background, COLOR Color_Foreground );
void GUI_DisNum(POINT Xpoint, POINT Ypoint, int32_t Nummber, sFONT* Font, COLOR Color_Background, COLOR Color_Foreground );

void GUI_Show(void);
void GUI_INTRO(void);



static const unsigned char waveshare[1024]=
{
    0x00,0x00,0x00,0x00,0x00,0x00,0x00,0x00,0x00,0x00,0x00,0x00,0x00,0x00,0x00,0x00,
    0x00,0x00,0x00,0x00,0x00,0x00,0x00,0x00,0x00,0x00,0x00,0x00,0x00,0x00,0x00,0x00,
    0x11,0x11,0x00,0x9C,0x64,0x42,0x1C,0x78,0x7A,0x78,0xEF,0xB8,0x30,0x89,0x8C,0x70,
    0x19,0x91,0x88,0x9C,0xF4,0x63,0x1E,0x78,0x7A,0x79,0xEF,0x3C,0x78,0x89,0x9E,0xF0,
    0x09,0x91,0x88,0xB1,0x84,0x63,0x12,0x40,0x42,0x43,0x02,0x24,0xCC,0xC9,0x30,0x80,
    0x09,0x91,0x88,0xB1,0x84,0x67,0x12,0x40,0x42,0x42,0x02,0x24,0x84,0xC9,0x20,0x80,
    0x09,0x92,0x89,0xB0,0x84,0x65,0x12,0x40,0x42,0x42,0x02,0x24,0x84,0xC9,0x20,0xC0,
    0x0A,0xB2,0x4D,0x1C,0xC7,0xE5,0x96,0x78,0x7A,0x72,0x02,0x2C,0x84,0xA9,0x20,0x60,
    0x0A,0xA2,0x45,0x14,0x67,0xE4,0x9C,0x70,0x72,0x52,0x02,0x38,0x84,0xA9,0x20,0x30,
    0x0A,0x63,0xC5,0x30,0x34,0x67,0x94,0x40,0x42,0x42,0x02,0x28,0x84,0xB9,0x20,0x10,
    0x06,0x67,0xC7,0x30,0x14,0x6F,0x92,0x40,0x42,0x42,0x02,0x24,0x84,0x99,0x20,0x10,
    0x06,0x64,0x66,0x30,0x14,0x68,0x92,0x40,0x42,0x43,0x02,0x24,0x8C,0x99,0x20,0x10,
    0x06,0x64,0x22,0x3D,0xB4,0x68,0xD3,0x78,0x7A,0x79,0xE2,0x26,0x78,0x89,0xBE,0xF0,
    0x04,0x44,0x22,0x1C,0xE4,0x48,0x51,0x78,0x7A,0x79,0xE2,0x22,0x70,0x89,0x9E,0xE0,
    0x00,0x00,0x00,0x00,0x00,0x00,0x00,0x00,0x00,0x00,0x00,0x00,0x00,0x00,0x00,0x00,
    0x00,0x00,0x00,0x00,0x00,0x00,0x00,0x00,0x00,0x00,0x00,0x00,0x00,0x00,0x00,0x00,
    0x00,0x00,0x00,0x00,0x00,0x00,0x00,0x00,0x00,0x00,0x00,0x00,0x00,0x00,0x00,0x00,
    0x00,0x00,0x00,0x00,0x00,0x00,0x00,0x00,0x00,0x00,0x00,0x00,0x00,0x00,0x00,0x00,
    0x00,0x00,0x00,0x00,0x00,0x00,0x00,0x00,0x00,0x00,0x00,0x00,0x00,0x00,0x00,0x00,
    0x00,0x00,0x00,0x00,0x00,0x00,0x00,0x00,0x00,0x00,0x00,0x00,0x00,0x00,0x00,0x00,
    0x00,0x00,0x00,0x00,0x00,0x00,0x00,0x00,0x00,0x00,0x00,0x00,0x00,0x00,0x00,0x00,
    0x00,0x00,0x00,0x00,0x00,0x00,0x00,0x00,0x00,0x00,0x00,0x00,0x00,0x00,0x00,0x00,
    0x00,0x00,0x00,0x00,0x00,0x00,0x00,0x00,0x00,0x00,0x00,0x00,0x00,0x00,0x00,0x00,
    0x00,0x00,0x00,0x00,0x00,0x00,0x00,0x00,0x00,0x00,0x00,0x00,0x00,0x00,0x00,0x00,
    0x3F,0xFF,0xF0,0x00,0x00,0x00,0x00,0x00,0x00,0x00,0x00,0x00,0x00,0x00,0x00,0x00,
    0x3F,0xFF,0xFE,0x00,0x00,0x00,0x00,0x00,0x00,0x00,0x00,0x00,0x00,0x00,0x00,0x00,
    0x3F,0xFF,0xFF,0x80,0x00,0x08,0x30,0x00,0x00,0x00,0x00,0x10,0x00,0x00,0x00,0x00,
    0x3F,0xFF,0xF7,0xC0,0x06,0xDB,0x30,0x3F,0xFF,0xFC,0x00,0x70,0x00,0x7F,0xFF,0xF0,
    0x3F,0xFF,0xE7,0xE0,0x0E,0xDB,0x30,0x3F,0xFF,0xFC,0x7F,0xFF,0xF8,0x7F,0xFF,0xF0,
    0x3F,0xFF,0xC7,0xF0,0x0C,0xDB,0x7E,0x00,0x18,0x00,0x7F,0xFF,0xF8,0x7F,0xFF,0xF0,
    0x3F,0xFF,0x87,0xF0,0x1C,0xDB,0xFE,0x00,0x18,0x00,0x7F,0xFF,0xF8,0x00,0x00,0xF0,
    0x3F,0xFF,0x07,0xF8,0x1C,0xDB,0xF0,0x3F,0xFF,0xFC,0x60,0x70,0x38,0x00,0x01,0xE0,
    0x3F,0xFF,0x87,0xFC,0x18,0xDB,0xC0,0x3F,0xFF,0xF8,0x60,0x70,0x38,0x00,0x01,0xC0,
    0x20,0xC3,0x86,0x3C,0x06,0xFF,0x00,0x30,0x18,0x18,0x60,0x70,0x38,0x00,0x03,0xC0,
    0x30,0xC3,0x0C,0x3C,0x06,0xFF,0x0C,0x30,0x18,0x18,0x60,0x70,0x38,0x00,0x03,0x80,
    0x30,0x43,0x0C,0x1E,0x0E,0xFF,0x6C,0x33,0x18,0xD8,0x60,0x70,0x38,0x07,0xFF,0x00,
    0x30,0x00,0x1C,0x1E,0x0E,0x00,0x6C,0x33,0x9B,0xD8,0x70,0x70,0x38,0x07,0xFF,0x00,
    0x38,0x00,0x08,0x0E,0x1C,0xFE,0x7C,0x30,0x18,0x18,0x7F,0xFF,0xF8,0x07,0xFE,0x00,
    0x38,0x00,0x08,0x0E,0x1C,0xFE,0x3C,0x30,0x19,0x18,0x7F,0xFF,0xF8,0x07,0xFE,0x00,
    0x38,0x00,0x00,0x06,0x1C,0xFE,0x38,0x31,0x9B,0x98,0x60,0x70,0x38,0x00,0x0E,0x00,
    0x3C,0x10,0x00,0x86,0x0C,0x00,0x38,0x33,0x99,0xD8,0x60,0x70,0x38,0x00,0x0E,0x00,
    0x3C,0x10,0x00,0x82,0x0C,0x00,0x38,0x00,0x00,0x00,0x60,0x70,0x38,0x00,0x0E,0x00,
    0x3C,0x18,0x41,0x86,0x0C,0x7E,0x38,0x00,0x00,0x00,0x60,0x70,0x38,0xFF,0xFF,0xF0,
    0x1E,0x38,0x41,0x86,0x0C,0x7E,0x18,0x3F,0xFF,0xF8,0x60,0x70,0x38,0xFF,0xFF,0xF0,
    0x1E,0x38,0xE3,0x8E,0x0C,0x7E,0x18,0x3F,0xFF,0xF8,0x60,0x70,0x38,0xFF,0xFF,0xF0,
    0x1E,0x7C,0xE2,0x0E,0x0C,0x66,0x38,0x00,0x00,0x18,0x7F,0xFF,0xF8,0x00,0x0E,0x00,
    0x1F,0xFF,0xFE,0x1E,0x0C,0x66,0x38,0x00,0x00,0x18,0x7F,0xFF,0xF0,0x00,0x0E,0x00,
    0x0F,0xFF,0xFE,0x0E,0x0C,0x66,0x38,0x1F,0xFF,0xF8,0x7F,0xFF,0xF0,0x00,0x0E,0x00,
    0x0F,0xFF,0xFE,0x1E,0x0C,0x66,0x3C,0x1F,0xFF,0xF8,0x00,0x70,0x00,0x00,0x0E,0x00,
    0x07,0xFF,0xFE,0x3E,0x0C,0x66,0x3C,0x10,0x00,0x38,0x00,0x70,0x00,0x00,0x0E,0x00,
    0x03,0xFF,0xFE,0x7E,0x0C,0x66,0x7C,0x00,0x00,0x18,0x00,0x70,0x00,0x00,0x1E,0x00,
    0x01,0xFF,0xFE,0xFE,0x0C,0xE7,0xEE,0x00,0x00,0x18,0x00,0x7F,0xF8,0x3F,0xFE,0x00,
    0x00,0xFF,0xFF,0xFE,0x0C,0xE7,0xEE,0x3F,0xFF,0xF8,0x00,0x3F,0xF8,0x3F,0xFE,0x00,
    0x00,0x7F,0xFF,0xFE,0x0C,0xC7,0xC6,0x3F,0xFF,0xF8,0x00,0x3F,0xF8,0x3F,0xFC,0x00,
    0x00,0x1F,0xFF,0xFE,0x00,0x00,0x00,0x00,0x00,0x00,0x00,0x00,0x00,0x00,0x00,0x00,
    0x00,0x03,0xFF,0xFE,0x00,0x00,0x00,0x00,0x00,0x00,0x00,0x00,0x00,0x00,0x00,0x00,
    0x00,0x00,0x00,0x00,0x00,0x00,0x00,0x00,0x00,0x00,0x00,0x00,0x00,0x00,0x00,0x00,
    0x00,0x00,0x00,0x00,0x00,0x00,0x00,0x00,0x00,0x00,0x00,0x00,0x00,0x00,0x00,0x00,
    0x00,0x00,0x00,0x00,0x00,0x00,0x00,0x00,0x00,0x00,0x00,0x00,0x00,0x00,0x00,0x00,
    0x00,0x00,0x00,0x00,0x00,0x00,0x00,0x00,0x00,0x00,0x00,0x00,0x00,0x00,0x00,0x00,
    0x00,0x00,0x00,0x00,0x00,0x00,0x00,0x00,0x00,0x00,0x00,0x00,0x00,0x00,0x00,0x00,
    0x00,0x00,0x00,0x00,0x00,0x00,0x00,0x00,0x00,0x00,0x00,0x00,0x00,0x00,0x00,0x00,
    0x00,0x00,0x00,0x00,0x00,0x00,0x00,0x00,0x00,0x00,0x00,0x00,0x00,0x00,0x00,0x00,
    0x00,0x00,0x00,0x00,0x00,0x00,0x00,0x00,0x00,0x00,0x00,0x00,0x00,0x00,0x00,0x00,
};


static const uint8_t Bmp4016[96] =  //SUN
{
    0x00,0x00,0x00,0x00,0x00,0x00,0x00,0x00,0x00,0x00,0x3F,0xF1,0x81,0x8F,0xFC,0x3F,
    0xF1,0x81,0x8F,0xFC,0x30,0x31,0x81,0x8C,0x0C,0x30,0x01,0x81,0x8C,0x0C,0x30,0x01,
    0x81,0x8C,0x0C,0x3F,0xF1,0x81,0x8C,0x0C,0x3F,0xF1,0x81,0x8C,0x0C,0x00,0x31,0x81,
    0x8C,0x0C,0x00,0x31,0x81,0x8C,0x0C,0x30,0x31,0x81,0x8C,0x0C,0x3F,0xF1,0xFF,0x8C,
    0x0C,0x3F,0xF1,0xFF,0x8C,0x0C,0x00,0x00,0x00,0x00,0x00,0x00,0x00,0x00,0x00,0x00
};

static const uint8_t Signal816[16] = //mobie singal
{
    0xFE,0x02,0x92,0x0A,0x54,0x2A,0x38,0xAA,0x12,0xAA,0x12,0xAA,0x12,0xAA,0x12,0xAA
};

static const uint8_t Msg816[16] =  //message
{
    0x1F,0xF8,0x10,0x08,0x18,0x18,0x14,0x28,0x13,0xC8,0x10,0x08,0x10,0x08,0x1F,0xF8
};

static const uint8_t Bat816[16] = //batery
{
    0x0F,0xFE,0x30,0x02,0x26,0xDA,0x26,0xDA,0x26,0xDA,0x26,0xDA,0x30,0x02,0x0F,0xFE
};

static const uint8_t Bluetooth88[8] = // bluetooth
{
    0x18,0x54,0x32,0x1C,0x1C,0x32,0x54,0x18
};

static const uint8_t GPRS88[8] = //GPRS
{
    0xC3,0x99,0x24,0x20,0x2C,0x24,0x99,0xC3
};

static const uint8_t Alarm88[8] = //alram
{
    0xC3,0xBD,0x42,0x52,0x4E,0x42,0x3C,0xC3
};

static const uint16_t intro[128][128] = {
		{0x92a3, 0x92a3, 0x92a3, 0x9aa3, 0xcc81, 0x9aa3, 0x92a3, 0x92a3, 0x92a3, 0x92a3, 0x92a3, 0x92a3, 0x9ac2, 0xd481, 0x9ac2, 0xd481, 0x9ac2, 0xcc81, 0x9ac2, 0xd481, 0x9ac2, 0xd481, 0x9ac2, 0xd481, 0x9ac2, 0xd481, 0x9ac2, 0xd481, 0x9aa2, 0x92a3, 0x92a3, 0x92a3, 0x92a3, 0x92a3, 0x92a3, 0x92a3, 0x92a3, 0x92a3, 0x92a3, 0x92a3, 0x92a3, 0x92a3, 0x92a3, 0x92a3, 0x92a3, 0x92a3, 0x92a3, 0x92a3, 0x92a3, 0x92a3, 0x92a3, 0x92a3, 0x92a3, 0x92a3, 0x92a3, 0x92a3, 0x92a3, 0x92a3, 0x92a3, 0x92a3, 0x92a3, 0x92a3, 0x92a3, 0x92a3, 0x92a3, 0x92a3, 0x92a3, 0x92a3, 0x92a3, 0x92a3, 0x92a3, 0x92a3, 0x92a3, 0x92a3, 0x92a3, 0x92a3, 0x92a3, 0x92a3, 0x92a3, 0x92a3, 0x92a3, 0x92a3, 0x92a3, 0x92a3, 0x92a3, 0x92a3, 0x92a3, 0x92a3, 0x92a3, 0x92a3, 0x92a3, 0x92a3, 0x92a3, 0x92a3, 0x92a3, 0x92a3, 0x92a3, 0x92a3, 0x92a3, 0x92a3, 0x92a3, 0x92a3, 0x92a3, 0x92a3, 0x92a3, 0x92a3, 0x92a3, 0x92a3, 0x92a3, 0x92a3, 0x92a3, 0x92a3, 0x92a3, 0x92a3, 0x92a3, 0x92a3, 0x92a3, 0x92a3, 0x92a3, 0x92a3, 0x92a3, 0x92a3, 0x92a3, 0x92a3, 0x92a3, 0x92a3, 0x92a3, 0x92a3},
		{0x92a3, 0x92a3, 0x92a3, 0x92a3, 0x9aa3, 0x92a3, 0x92a3, 0x92a3, 0x92a3, 0x92a3, 0x92a3, 0x9aa3, 0xd481, 0x9ac2, 0xcc81, 0x9ac2, 0xcc81, 0x9ac2, 0xd481, 0x9ac2, 0xcc81, 0x9ac2, 0xcc81, 0x9ac2, 0xd481, 0x9ac2, 0xd481, 0x9ac2, 0xcc81, 0x9aa3, 0x92a3, 0x92a3, 0x92a3, 0x92a3, 0x92a3, 0x92a3, 0x92a3, 0x92a3, 0x92a3, 0x92a3, 0x92a3, 0x92a3, 0x92a3, 0x92a3, 0x92a3, 0x92a3, 0x92a3, 0x92a3, 0x92a3, 0x92a3, 0x92a3, 0x92a3, 0x92a3, 0x92a3, 0x92a3, 0x92a3, 0x92a3, 0x92a3, 0x92a3, 0x92a3, 0x92a3, 0x92a3, 0x92a3, 0x92a3, 0x92a3, 0x92a3, 0x92a3, 0x92a3, 0x92a3, 0x92a3, 0x92a3, 0x92a3, 0x92a3, 0x92a3, 0x92a3, 0x92a3, 0x92a3, 0x92a3, 0x92a3, 0x92a3, 0x92a3, 0x92a3, 0x92a3, 0x92a3, 0x92a3, 0x92a3, 0x92a3, 0x92a3, 0x92a3, 0x92a3, 0x92a3, 0x92a3, 0x92a3, 0x92a3, 0x92a3, 0x92a3, 0x92a3, 0x92a3, 0x92a3, 0x92a3, 0x92a3, 0x92a3, 0x92a3, 0x92a3, 0x92a3, 0x92a3, 0xeec3, 0x92c3, 0x92a3, 0x92a3, 0x92a3, 0x92a3, 0x92a3, 0x92a3, 0x92a3, 0x92a3, 0x92a3, 0x92a3, 0x92a3, 0x92a3, 0x92a3, 0x92a3, 0x92a3, 0x92a3, 0x92a3, 0x92a3, 0x92a3, 0x92a3},
		{0x92a3, 0x92a3, 0x92a3, 0x92a3, 0x92a3, 0x92a3, 0x92a3, 0x92a3, 0x92a3, 0x92a3, 0x9aa3, 0xd481, 0x9ac2, 0xcc81, 0x9ac2, 0xd481, 0x9ac2, 0xd480, 0x9ac2, 0xd480, 0x9ac2, 0xd480, 0x9ac2, 0xd480, 0x9ac2, 0xd480, 0x9ac2, 0xd480, 0x9ac2, 0xd481, 0x9aa3, 0x92a3, 0x92a3, 0x92a3, 0x92a3, 0x92a3, 0x92a3, 0x92a3, 0x92a3, 0x92a3, 0x92a3, 0x92a3, 0x92a3, 0x92a3, 0xeec3, 0x92a3, 0x92a3, 0x92a3, 0x92a3, 0x92a3, 0x92a3, 0x92a3, 0x92a3, 0x92a3, 0x92a3, 0x92a3, 0x92a3, 0x92a3, 0x92a3, 0x92a3, 0x92a3, 0x9aa3, 0x92a3, 0x92a3, 0x92a3, 0x92a3, 0x92a3, 0x92a3, 0x92a3, 0x92a3, 0x92a3, 0x92a3, 0x92a3, 0x92a3, 0x92a3, 0x92a3, 0x92a3, 0x92a3, 0x92a3, 0x92a3, 0x92a3, 0x92a3, 0x92a3, 0x92a3, 0x92a3, 0x92a3, 0x92a3, 0x9aa3, 0x92a3, 0x92a3, 0x92a3, 0x92a3, 0x92a3, 0x92a3, 0x92a3, 0x92a3, 0x92a3, 0x92a3, 0x92a3, 0x92a3, 0x92a3, 0x92a3, 0x92a3, 0x92a3, 0x92a3, 0x92a3, 0x92a3, 0x92a3, 0x92a3, 0x92a3, 0x92a3, 0x92a3, 0x92a3, 0x92a3, 0x92a3, 0x92a3, 0x92a3, 0x92a3, 0x92a3, 0x92a3, 0x92a3, 0x92a3, 0x92a3, 0x92a3, 0x92a3, 0x92a3, 0x92a3, 0x92a3},
		{0x92a3, 0x92a3, 0x92a3, 0x92a3, 0x92a3, 0x92a3, 0x92a3, 0x92a3, 0x92a3, 0x9aa3, 0xcc81, 0x9ac2, 0xd481, 0x9ac2, 0xd481, 0x9ac2, 0xd480, 0xd4a0, 0xd480, 0xd4a0, 0xd4a0, 0xd4a0, 0xd480, 0xd4a0, 0xd4a0, 0xd4a0, 0xd480, 0xd4a0, 0xd480, 0x9ac2, 0xd481, 0x9aa3, 0x92a3, 0x92a3, 0x92a3, 0x92a3, 0x92a3, 0x92a3, 0x92a3, 0x92a3, 0x92a3, 0x92a3, 0x92a3, 0x92a3, 0x92a3, 0x92a3, 0x92a3, 0x92a3, 0x92a3, 0x92a3, 0x92a3, 0x92a3, 0x92a3, 0x92a3, 0x92a3, 0x92a3, 0x92a3, 0x92a3, 0x92a3, 0x92a3, 0x9aa3, 0xcc81, 0x9aa3, 0x92a3, 0x92a3, 0x92a3, 0x92a3, 0x92a3, 0xeec3, 0x92c3, 0x92a3, 0x92a3, 0x92a3, 0x92a3, 0x92a3, 0x92a3, 0x92a3, 0x92a3, 0x92a3, 0x92a3, 0x92a3, 0x92a3, 0x92a3, 0x92a3, 0x92a3, 0x92a3, 0x9aa3, 0xcc81, 0x92a3, 0x92a3, 0x92a3, 0x92a3, 0x92a3, 0x92a3, 0x92a3, 0x92a3, 0x92a3, 0x61a3, 0x4923, 0x92a4, 0x92a3, 0x92a3, 0x92a3, 0x92a3, 0x92a3, 0x92a3, 0x92a3, 0x92a3, 0x92a3, 0x92a3, 0x92a3, 0x92a3, 0x92a3, 0x92a3, 0x92a3, 0x92a3, 0x92a3, 0x92a3, 0x92a3, 0x92a3, 0x92a3, 0x92a3, 0x92a3, 0x92a3, 0x92a3, 0x92a3, 0x92a3, 0x92a3},
		{0x92a3, 0x92a3, 0x92a3, 0x92a3, 0x92a3, 0x92a3, 0x92a3, 0x92a3, 0x9ac2, 0xd481, 0x9ac2, 0xd480, 0x9ac2, 0xd480, 0xd4a0, 0xd4a0, 0xd4a0, 0xeee2, 0xd4c0, 0xf6e2, 0xd4c0, 0xf6e2, 0xd4c0, 0xeee2, 0xd4c0, 0xd4a0, 0xd4a0, 0xd4a0, 0xd4a0, 0xd480, 0x9ac2, 0xd481, 0x9aa3, 0x9aa3, 0x92a3, 0x92a3, 0x92a3, 0x92a3, 0x92a3, 0x92a3, 0x92a3, 0x92a3, 0x92a3, 0x92a3, 0x92a3, 0x92a3, 0x92a3, 0x92a3, 0x92a3, 0x92a3, 0x92a3, 0x92a3, 0x92a3, 0x92a3, 0x92a3, 0x92a3, 0x92a3, 0x9aa3, 0x9ac2, 0xd480, 0xd4a0, 0xd4a0, 0xd480, 0x9ac2, 0x92a3, 0x92a3, 0x92a3, 0x92a3, 0x92a3, 0x92a3, 0x92a3, 0x92a3, 0x92a3, 0x92a3, 0x92a3, 0x92a3, 0x92a3, 0x92a3, 0x92a3, 0x92a3, 0x92a3, 0x92a3, 0x92a3, 0x92a3, 0x92a3, 0x92a3, 0x92a3, 0x9aa3, 0x92a3, 0x92a3, 0x92a3, 0x92a3, 0x92a3, 0x92a3, 0x92a3, 0x92a3, 0x61a3, 0x59a4, 0x5984, 0x4903, 0x92a3, 0x92a3, 0x92a3, 0x92a3, 0x92a3, 0x92a3, 0x92a3, 0x92a3, 0x92a3, 0x92a3, 0x92a3, 0x92a3, 0x92a3, 0x92a3, 0x92a3, 0x92a3, 0x92a3, 0x92a3, 0x92a3, 0x92a3, 0x92a3, 0x92a3, 0x9aa3, 0x92a3, 0x92a3, 0x92a3, 0x92a3, 0x92a3},
		{0x92a3, 0x92a3, 0x92a3, 0x92a3, 0x92a3, 0x92a3, 0x92a3, 0x9aa3, 0xcc81, 0x9ac2, 0xd480, 0xd4a0, 0xd4a0, 0xd4a0, 0xf6e2, 0xd4c0, 0xeee2, 0xccc0, 0xeee2, 0xccc0, 0xeee2, 0xccc0, 0xeee2, 0xccc0, 0xf6e2, 0xd4c0, 0xeee2, 0xd4c0, 0xd4a0, 0xd4a0, 0xd481, 0x9ac2, 0xd481, 0x9aa3, 0x92a3, 0x92a3, 0x92a3, 0x92a3, 0x92a3, 0x92a3, 0x9aa3, 0x92a3, 0x92a3, 0x92a3, 0x92a3, 0x92a3, 0x92a3, 0x92a3, 0x92a3, 0x92a3, 0x92a3, 0x92a3, 0x92a3, 0x92a3, 0x9aa3, 0x92a3, 0x9aa2, 0xd480, 0xd4a0, 0xd4a0, 0xd4a0, 0xd4a0, 0xd4a0, 0xd480, 0x9aa3, 0x92a3, 0x92a3, 0x92a3, 0x92a3, 0x92a3, 0x92a3, 0x92a3, 0x92a3, 0x92a3, 0x92a3, 0x92a3, 0x9aa3, 0x92a3, 0x92a3, 0x92a3, 0x92a3, 0x92a3, 0x92a3, 0x92a3, 0x92a3, 0x92a3, 0x92a3, 0x92a3, 0x92a3, 0x92a3, 0x92a3, 0x92a3, 0x92a3, 0x92a3, 0x92a3, 0x92a3, 0x59a3, 0x5983, 0x5983, 0x4104, 0x92a4, 0x92a3, 0x92a3, 0x92a3, 0x92a3, 0x92a3, 0x92a3, 0x92a3, 0x92a3, 0x92a3, 0x92a3, 0x92a3, 0x92a3, 0x92a3, 0x92a3, 0x92a3, 0x92a3, 0x92a3, 0x92a3, 0x92a3, 0x92a3, 0x9aa3, 0xcc81, 0x9aa3, 0x92a3, 0x92a3, 0x92a3, 0x92a3},
		{0x61a3, 0x61a3, 0x92a3, 0x9aa3, 0x92a3, 0x92a3, 0x9ac2, 0xcc81, 0x9ac2, 0xd480, 0xd4a0, 0xd4a0, 0xd4c0, 0xeee2, 0xd4c0, 0xf6e2, 0xccc0, 0xeee1, 0xcca0, 0xeee2, 0xe6e2, 0xe6e2, 0xe6e2, 0xeee2, 0xe6e2, 0xef01, 0xccc0, 0xf6e2, 0xd4a0, 0xd4a0, 0xd4a0, 0xd4a0, 0x9ac2, 0xcc81, 0x9aa3, 0x9aa3, 0x92a3, 0x92a3, 0x92a3, 0x9aa3, 0xcc81, 0x9aa3, 0x92a3, 0x92a3, 0x92a3, 0x92a3, 0x92a3, 0x92a3, 0x92a3, 0x92a3, 0x92a3, 0x92a3, 0x9aa3, 0x9aa3, 0xd4a0, 0xd4a0, 0xd4a0, 0xd4a0, 0xd4a0, 0xd4a0, 0xd4a0, 0xd4a0, 0xd4a0, 0xd4a0, 0xd480, 0x9ac2, 0x9aa3, 0x9aa3, 0x9aa3, 0x9aa3, 0x9aa3, 0x9aa3, 0x9aa3, 0x9aa3, 0xd4a0, 0xd4a0, 0xd4a0, 0xd4a0, 0x9aa3, 0x92a3, 0x92a3, 0x92a3, 0x92a3, 0x92a3, 0x92a3, 0x92a3, 0x92a3, 0x92a3, 0x92a3, 0x92a3, 0x92a3, 0x92a3, 0x92a3, 0x92a3, 0x92a3, 0x61a3, 0x59a3, 0x59a3, 0x59a3, 0x5984, 0x4104, 0x92a3, 0x92a3, 0x92a3, 0x92a3, 0x92a3, 0x92a3, 0x92a3, 0x92a3, 0x92a3, 0x9aa3, 0x92a3, 0x92a3, 0x92a3, 0x92a3, 0x92a3, 0x92a3, 0x92a3, 0x92a3, 0x92a3, 0x92a3, 0x92a3, 0x9aa3, 0x92a3, 0x92a3, 0x92a3, 0x92a3, 0x92a3},
		{0x59a3, 0x5983, 0x61a3, 0xd481, 0x92c3, 0x9aa3, 0xd481, 0x9ac2, 0xd480, 0xd4a0, 0xd4a0, 0xd4a0, 0xf6e2, 0xd4c0, 0xeee2, 0xccc0, 0xeee2, 0xe6e2, 0xf7dd, 0xf7dd, 0xf7dd, 0xf7dd, 0xf7dd, 0xf7dd, 0xf7dc, 0xe6e2, 0xeee2, 0xd4c0, 0xeee2, 0xd4a0, 0xd4a0, 0xd4a0, 0xd480, 0x9ac2, 0xcc81, 0x9aa3, 0x92a3, 0x92a3, 0x92a3, 0x92a3, 0x9aa3, 0x92a3, 0x92a3, 0x92a3, 0x92a3, 0x92a3, 0x92a3, 0x92a3, 0x92a3, 0x92a3, 0x92a3, 0x9aa3, 0xd480, 0xd4a0, 0xd4a0, 0xd4a0, 0xd4a0, 0xd4a0, 0xd4a0, 0xd4a0, 0xd4a0, 0xd4a0, 0xd4a0, 0xd4a0, 0xd4a0, 0xd480, 0xd4a0, 0xd4a0, 0xd4a0, 0xd4a0, 0xd4a0, 0xd4a0, 0xd480, 0xd480, 0xd4a0, 0xd4a0, 0xd4a0, 0xd4a0, 0xd480, 0x9aa2, 0x92a3, 0x92a3, 0x92a3, 0x92a3, 0x92a3, 0x92a3, 0x92a3, 0x92a3, 0x92a3, 0x92a3, 0x92a3, 0x92a3, 0x92a3, 0x92a3, 0x92a3, 0x61a3, 0x59a3, 0x59a3, 0x59a3, 0x5984, 0x4104, 0x92a4, 0x92a3, 0x92a3, 0x92a3, 0x92a3, 0x92a3, 0x92a3, 0x92a3, 0x9aa3, 0xcc81, 0x92a3, 0x92a3, 0x92a3, 0x92a3, 0x92a3, 0x92a3, 0x92a3, 0x92a3, 0x92a3, 0x92a3, 0x92a3, 0x92a3, 0x92a3, 0x92a3, 0x92a3, 0x92a3, 0x92a3},
		{0x59a3, 0x61a3, 0xd480, 0xd4a0, 0xeee2, 0xd4a0, 0x9ac2, 0xd480, 0xd4a0, 0xd4a0, 0xd4c0, 0xeee2, 0xd4c0, 0xef01, 0xef01, 0xe6e2, 0xf7dd, 0xf7de, 0xf7de, 0xf7de, 0xffff, 0xffff, 0xffff, 0xf7de, 0xf7de, 0xf7de, 0xf7dd, 0xe6c3, 0xccc0, 0xf6e2, 0xd4a0, 0xd4a0, 0xd4a0, 0xd4a0, 0x9ac2, 0xd480, 0xd480, 0x9aa3, 0x92a3, 0x92a3, 0x92a3, 0x92a3, 0x92a3, 0x92a3, 0x92a3, 0x92a3, 0x92a3, 0x92a3, 0x92a3, 0x9aa2, 0xd4a0, 0xd4a0, 0xd4a0, 0xd4a0, 0xd4a0, 0xd4a0, 0xd480, 0xd4a0, 0xd4a0, 0xd4a0, 0xd4a0, 0xd4a0, 0xd4a0, 0xd4a0, 0xd4a0, 0xd4a0, 0xd4a0, 0xd4a0, 0xd4a0, 0xd4a0, 0xd4a0, 0xd4a0, 0xd4a0, 0xd4a0, 0xd4a0, 0xd4a0, 0xd4a0, 0xd4a0, 0xd4a0, 0xd480, 0x92a3, 0x92a3, 0x92a3, 0x92a3, 0x92a3, 0x92a3, 0x92a3, 0x92a3, 0x92a3, 0x92a3, 0x92a3, 0x92a3, 0x92a3, 0x92a3, 0x61a3, 0x61a3, 0x61a3, 0x61a3, 0x61a3, 0x61a3, 0x59a3, 0x4104, 0x92a3, 0x92a3, 0x92a3, 0x92a3, 0x92a3, 0x92a3, 0x92a3, 0x9aa3, 0x92a3, 0x92a3, 0x92a3, 0x92a3, 0x92a3, 0x92a3, 0x92a3, 0x92a3, 0x92a3, 0x92a3, 0x92a3, 0x92a3, 0x92a3, 0x92a3, 0x92a3, 0x92a3, 0x92a3, 0x92a3},
		{0x59a3, 0x61a3, 0xd4a0, 0xd4a0, 0xd4c0, 0xeee2, 0xd4a0, 0xd4a0, 0xd4a0, 0xd4a0, 0xeee2, 0xccc0, 0xef01, 0xef01, 0xe6e2, 0xf7dc, 0xf7de, 0xffff, 0xffff, 0xffff, 0xffff, 0xffff, 0xf7de, 0xf7de, 0x59a4, 0x5983, 0x59a3, 0x61c2, 0xeee2, 0xccc0, 0xeee2, 0xd4a0, 0xd4a0, 0xd4a0, 0xd480, 0x9ac2, 0xd480, 0x9aa3, 0x92a3, 0x92a3, 0x92a3, 0x92a3, 0x92a3, 0x92a3, 0x92a3, 0x92a3, 0x92a3, 0x92a3, 0x9aa2, 0xd480, 0xd4a0, 0xd4a0, 0xd4a0, 0xd4a0, 0xd4a0, 0xd480, 0x69c2, 0xcc80, 0xd4a0, 0xd4a0, 0xd4a0, 0xd4a0, 0xd4a0, 0xd4a0, 0xd4a0, 0xd4a0, 0xd4a0, 0xd4a0, 0xd4a0, 0xd4a0, 0xd4a0, 0xd4a0, 0xd4a0, 0xd4a0, 0xd4a0, 0xd4a0, 0xd4a0, 0xd4a0, 0xd4a0, 0xd480, 0x61a2, 0x92a3, 0x92a3, 0x92a3, 0x92a3, 0x92a3, 0x9aa3, 0x92a3, 0x92a3, 0x92a3, 0x92a3, 0x92a3, 0x92a3, 0x92a3, 0xcc81, 0x92a3, 0x92a3, 0x92a3, 0x92a3, 0x92a3, 0x92a4, 0x4104, 0x92a3, 0x92a3, 0x92a3, 0x92a3, 0x92a3, 0x92a3, 0x92a3, 0x92a3, 0x92a3, 0x92a3, 0x92a3, 0x92a3, 0x92a3, 0x92a3, 0x92a3, 0x92a3, 0x92a3, 0x92a3, 0x92a3, 0x92a3, 0x92a3, 0x92a3, 0x92a3, 0x92a3, 0x92a3, 0x92a3},
		{0x59a3, 0x61a3, 0xd4a0, 0xd4a0, 0xd4a0, 0xd4a0, 0xf6e2, 0xd4a0, 0xd4c0, 0xeee2, 0xd4c0, 0xeee1, 0xef01, 0xe6e2, 0xf7dd, 0xf7de, 0xffff, 0xffff, 0xffff, 0xffff, 0xf7fe, 0xf7de, 0xf7de, 0x5984, 0x6183, 0x5983, 0x5983, 0x59a3, 0x61c2, 0xeec3, 0xccc0, 0xf6e2, 0xd4a0, 0xd4a0, 0xd4a0, 0xd4a0, 0x9ac2, 0xcc81, 0x9aa3, 0x92a3, 0x92a3, 0x92a3, 0x92a3, 0x92a3, 0x92a3, 0x92a3, 0x92a3, 0x9aa3, 0xd4a0, 0xd4a0, 0xd4a0, 0xd4a0, 0xd4a0, 0xd4a0, 0xd480, 0x61a3, 0x59a3, 0x61a3, 0x61a3, 0x61a3, 0x61a3, 0x61a3, 0xcc80, 0xd480, 0xd480, 0xcc80, 0x61a3, 0x61a3, 0x61a3, 0x61a3, 0x61a3, 0x61a3, 0xd480, 0xd480, 0xd480, 0xcc81, 0x61a3, 0x61a3, 0xcc81, 0x61a2, 0xcc81, 0x92a3, 0x61a3, 0x61a3, 0x61a3, 0x61a3, 0x92a3, 0x92a3, 0x92a3, 0x92a3, 0x92a3, 0x92a3, 0x92a3, 0x9aa3, 0xd480, 0x9aa3, 0x92a3, 0x92a3, 0x92a3, 0x92a3, 0x92a3, 0x4104, 0x92a3, 0x92a3, 0x92a3, 0x92a3, 0x92a3, 0x92a3, 0x92a3, 0x92a3, 0x92a3, 0x92a3, 0x92a3, 0x92a3, 0x92a3, 0x92a3, 0x92a3, 0x92a3, 0x92a3, 0x92a3, 0x92a3, 0x92a3, 0x92a3, 0x92a3, 0x92a3, 0x92a3, 0x92a3, 0x92a3},
		{0x61a3, 0xcc81, 0xd4a0, 0xd4a0, 0xd4a0, 0xd4a0, 0xd4a0, 0xd4a0, 0xf6e2, 0xccc0, 0xeee2, 0xd4c0, 0xe6e2, 0xf7dc, 0xf7de, 0xffff, 0xffff, 0xffff, 0xffff, 0xf7fe, 0xf7de, 0x5984, 0x5983, 0x59a3, 0x59a3, 0x59a3, 0x59a3, 0x59a3, 0x59a3, 0x61c2, 0xeee2, 0xccc0, 0xf6e2, 0xd4a0, 0xd4a0, 0xd4a0, 0xd481, 0x9ac2, 0x92a3, 0x92a3, 0x92a3, 0x92a3, 0x92a3, 0x92a3, 0x92a3, 0x92a3, 0x9aa3, 0xd480, 0xd4a0, 0xd4a0, 0xd4a0, 0xd4a0, 0xd4a0, 0xd4a0, 0xd480, 0x61a3, 0x59a3, 0x59a3, 0x59a3, 0x59a3, 0x59a3, 0x59a3, 0x61a3, 0x61a3, 0x61a3, 0x61a3, 0x59a3, 0x59a3, 0x59a3, 0x59a3, 0x59a3, 0x59a3, 0x61a3, 0x61a3, 0x61a3, 0x61a3, 0x5983, 0x59a3, 0x61a3, 0x61a3, 0xcc81, 0x61a3, 0x59a3, 0x59a3, 0x59a3, 0x59a3, 0x61a3, 0x6183, 0x6183, 0x61a3, 0x92a3, 0x92a3, 0x92a3, 0x92a3, 0xcc81, 0x9aa3, 0x92a3, 0x92a3, 0x92a3, 0x92a3, 0x92a4, 0x4104, 0x92a3, 0x92a3, 0x92a3, 0x92a3, 0x92a3, 0x92a3, 0x92a3, 0x92a3, 0x92a3, 0x92a3, 0x92a3, 0x92a3, 0x92a3, 0x92a3, 0x92a3, 0x92a3, 0x92a3, 0x92a3, 0x92a3, 0x92a3, 0x92a3, 0x92a3, 0x92a3, 0x92a3, 0x92a3, 0x92a3},
		{0x61a3, 0xd480, 0xcc81, 0x61a3, 0x61a3, 0x61a3, 0xcc80, 0xd4a0, 0xd4c0, 0xeee2, 0xccc0, 0xeee2, 0xf7dd, 0xf7de, 0xffff, 0xffff, 0xffff, 0xffff, 0xf7de, 0xf7de, 0x5984, 0x5983, 0x59a3, 0x59a3, 0x59a3, 0x59a3, 0x59a3, 0x59a3, 0x59a3, 0x5983, 0x61c2, 0xeee2, 0xd4c0, 0xd4a0, 0xd4a0, 0xd4a0, 0x9ac2, 0xcc81, 0x9aa3, 0x92a3, 0x92a3, 0x92a3, 0x92a3, 0x92a3, 0x92a3, 0x9aa3, 0xd4a0, 0xd4a0, 0xd4a0, 0xd4a0, 0xd4a0, 0xd4a0, 0xd4a0, 0xd4a0, 0xd480, 0x61a3, 0x59a3, 0x59a3, 0x59a3, 0x59a3, 0x5983, 0x59a3, 0x59a3, 0x61a3, 0x61a3, 0x59a3, 0x59a3, 0x5983, 0x59a3, 0x59a3, 0x59a3, 0x5983, 0x5983, 0x61a3, 0x5983, 0x5983, 0x5983, 0x59a3, 0x59a3, 0x5983, 0x61a3, 0x59a3, 0x59a3, 0x59a3, 0x59a3, 0x59a3, 0x5983, 0x59a3, 0x59a3, 0x59a3, 0x61a3, 0x61a3, 0x61a3, 0x59a3, 0xf7de, 0x92a3, 0x8aa4, 0xf7de, 0xf7de, 0x8aa4, 0x92a4, 0x4104, 0x92a3, 0x92a3, 0x92a3, 0x92a3, 0x92a3, 0x92a3, 0x92a3, 0x92a3, 0x92a3, 0x92a3, 0x92a3, 0x92a3, 0x92a3, 0x92a3, 0x92a3, 0x92a3, 0x92a3, 0x92a3, 0x92a3, 0x92a3, 0x92a3, 0x92a3, 0x92a3, 0x92a3, 0x92a3, 0x92a3},
		{0x61a3, 0xcc81, 0x61a3, 0x5983, 0x59a3, 0x5983, 0x61a2, 0xcc81, 0xeee2, 0xccc0, 0xef01, 0xe6e2, 0xf7de, 0xffff, 0xffff, 0xffff, 0xffff, 0xffff, 0xf7de, 0x5984, 0x5983, 0x5983, 0x59a3, 0x59a3, 0x59a3, 0x59a3, 0x59a3, 0x59a3, 0x59a3, 0x59a3, 0x61a3, 0xcca1, 0xf6e2, 0xd4c0, 0xd4a0, 0xd4a0, 0xd480, 0x9ac2, 0xcc81, 0x9aa3, 0x92a3, 0x92a3, 0x92a3, 0x92a3, 0x9aa3, 0xd480, 0xd4a0, 0xd4a0, 0xd4a0, 0xd4a0, 0xd4a0, 0xd4a0, 0xd4a0, 0xd4a0, 0xd480, 0x61a3, 0x59a3, 0x59a3, 0x59a3, 0x59a3, 0x59a3, 0x59a3, 0x59a3, 0x59a3, 0x59a3, 0x59a3, 0x59a3, 0x59a3, 0x59a3, 0x59a3, 0x59a3, 0x59a3, 0x59a3, 0x59a3, 0x59a3, 0x59a3, 0x59a3, 0x59a3, 0x59a3, 0x59a3, 0x59a3, 0x59a3, 0x59a3, 0x59a3, 0x59a3, 0x59a3, 0x59a3, 0x59a3, 0x59a3, 0x59a3, 0x59a3, 0x59a3, 0x59a3, 0x5983, 0xf7de, 0x92a4, 0xf7de, 0xf7de, 0xf7de, 0xf7de, 0x92a4, 0x4104, 0x92a3, 0x92a3, 0x92a3, 0x92a3, 0x92a3, 0x92a3, 0x92a3, 0x92a3, 0x92a3, 0x92a3, 0x92a3, 0x92a3, 0x92a3, 0x92a3, 0x92a3, 0x92a3, 0x92a3, 0x92a3, 0x92a3, 0x92a3, 0x92a3, 0x92a3, 0x92a3, 0x92a3, 0x92a3, 0x92a3},
		{0x59a3, 0x61a3, 0x59a3, 0x5983, 0x59a3, 0x59a3, 0x59a3, 0x61c2, 0xcca0, 0xf6e1, 0xe6e2, 0xf7dd, 0xf7de, 0xffff, 0xffff, 0xffff, 0xffff, 0xfffe, 0xf7de, 0x5984, 0x59a3, 0x59a3, 0x59a3, 0x59a3, 0x59a3, 0x59a3, 0x59a3, 0x59a3, 0x59a3, 0x59a3, 0x5983, 0x61a3, 0xccc0, 0xf6e2, 0xd4a0, 0xd4a0, 0xd4a0, 0xd480, 0x9ac2, 0x92a3, 0x92a3, 0x92a3, 0x92a3, 0x92a3, 0x9aa3, 0xd4a0, 0xd4a0, 0xd4a0, 0xd4a0, 0xd4a0, 0xd4a0, 0xd4a0, 0xd480, 0xd480, 0xcc81, 0x61a3, 0x59a3, 0x59a3, 0x59a3, 0x59a3, 0x59a3, 0x59a3, 0x59a3, 0x59a3, 0x59a3, 0x59a3, 0x59a3, 0x59a3, 0x59a3, 0x59a3, 0x59a3, 0x59a3, 0x59a3, 0x59a3, 0x59a3, 0x59a3, 0x59a3, 0x59a3, 0x59a3, 0x59a3, 0x59a3, 0x59a3, 0x59a3, 0x59a3, 0x59a3, 0x59a3, 0x59a3, 0x59a3, 0x59a3, 0x59a3, 0x59a3, 0x59a3, 0x59a3, 0x5983, 0xf7de, 0x92a4, 0xf7de, 0x28a3, 0xf7de, 0xf7de, 0x92a4, 0x4104, 0x61a3, 0x61a3, 0x92a4, 0x92a3, 0x92a3, 0x92a3, 0x92a3, 0x92a3, 0x92a3, 0x92a3, 0x92a3, 0x92a3, 0x92a3, 0x92a3, 0x92c3, 0xeec3, 0x92a3, 0x92a3, 0x92a3, 0x92a3, 0x92a3, 0x92a3, 0x92a3, 0x92a3, 0x92a3, 0x92a3},
		{0x59a3, 0x59a3, 0x59a3, 0x59a3, 0x59a3, 0x59a3, 0x61a3, 0xcc81, 0xf6e2, 0xccc0, 0xe6e2, 0xf7dd, 0xf7de, 0xffff, 0xffff, 0xffff, 0xffff, 0xfffe, 0xf7de, 0x5984, 0x59a3, 0x59a3, 0x59a3, 0x59a3, 0x59a3, 0x59a3, 0x59a3, 0x59a3, 0x59a3, 0x59a3, 0x59a3, 0x61a3, 0xeee2, 0xd4c0, 0xd4a0, 0xd4a0, 0xd4a0, 0x9ac2, 0xcc81, 0x9aa3, 0x92a3, 0x92a3, 0x92a3, 0x92a3, 0x9aa3, 0xd4a0, 0xd4a0, 0xd4a0, 0xd4a0, 0xd4a0, 0xd4a0, 0xd480, 0x61a3, 0x61a3, 0x61a3, 0x59a3, 0x59a3, 0x59a3, 0x59a3, 0x59a3, 0x59a3, 0x59a3, 0x59a3, 0x59a3, 0x59a3, 0x59a3, 0x59a3, 0x59a3, 0x59a3, 0x59a3, 0x59a3, 0x59a3, 0x59a3, 0x59a3, 0x59a3, 0x59a3, 0x59a3, 0x59a3, 0x5983, 0x61a3, 0x61a3, 0x59a3, 0x59a3, 0x59a3, 0x59a3, 0x59a3, 0x59a3, 0x59a3, 0x59a3, 0x59a3, 0x59a3, 0x59a3, 0x59a3, 0x59a3, 0xf7de, 0x92a4, 0x30a3, 0x30a3, 0x28a3, 0xf7de, 0x92a4, 0x4124, 0x5984, 0x59a3, 0x61a3, 0x61a3, 0x61a3, 0x61a3, 0x61a3, 0x61a3, 0x61a3, 0x61a3, 0x61a3, 0x92a3, 0x92a3, 0x92a3, 0x92a3, 0x92a3, 0x92a3, 0x92a3, 0x92a3, 0x92a3, 0x92a3, 0x92a3, 0x92a3, 0x92a3, 0x92a3, 0x92a3},
		{0x59a3, 0x59a3, 0x59a3, 0x5983, 0x59a3, 0x61a3, 0x61a3, 0x61c2, 0xccc0, 0xef01, 0xe6e2, 0xf7dd, 0xf7de, 0xffff, 0xffff, 0xffff, 0xffff, 0xf7de, 0x59a3, 0x59a3, 0x59a3, 0x59a3, 0x59a3, 0x59a3, 0x59a3, 0x59a3, 0x59a3, 0x59a3, 0x59a3, 0x59a3, 0x59a3, 0x61a3, 0xccc0, 0xf6e2, 0xd4a0, 0xd4a0, 0xd4a0, 0xd480, 0x9ac2, 0x92a3, 0x92a3, 0x92a3, 0x92a3, 0x92a3, 0x92a3, 0xd480, 0xd480, 0xd480, 0xd4a0, 0xd480, 0xcc81, 0x61a3, 0x59a3, 0x59a3, 0x59a3, 0x59a3, 0x59a3, 0x59a3, 0x59a3, 0x59a3, 0x59a3, 0x59a3, 0x59a3, 0x59a3, 0x59a3, 0x59a3, 0x59a3, 0x59a3, 0x59a3, 0x59a3, 0x59a3, 0x59a3, 0x59a3, 0x59a3, 0x59a3, 0x59a3, 0x59a3, 0x61a3, 0x61a2, 0xcc81, 0xcc80, 0x61c2, 0x61a3, 0x61a3, 0x61a3, 0x59a3, 0x59a3, 0x59a3, 0x59a3, 0x59a3, 0x59a3, 0x59a3, 0x5984, 0x59a3, 0xf7dd, 0x92a4, 0x30a3, 0x30a3, 0x30a3, 0xf7de, 0x92a4, 0x4124, 0x5984, 0x59a3, 0x59a3, 0x59a3, 0x59a3, 0x59a3, 0x59a3, 0x59a3, 0x59a3, 0x59a3, 0x59a3, 0x61a3, 0x92a4, 0x92a3, 0x92a3, 0x92a3, 0x92a3, 0x92a3, 0x92a3, 0x92a3, 0x92a3, 0x92a3, 0x92a3, 0x92a3, 0x92a3, 0x92a3},
		{0x59a3, 0x5983, 0x59a3, 0x59a3, 0x61a3, 0xcc81, 0xeee2, 0xeee2, 0xef01, 0xef01, 0xe6e2, 0xf7dd, 0xf7de, 0xffff, 0xffff, 0xffff, 0xffff, 0xf7de, 0x5983, 0x59a3, 0x59a3, 0x59a3, 0x59a3, 0x59a3, 0x59a3, 0x59a3, 0x59a3, 0x59a3, 0x59a3, 0x59a3, 0x59a3, 0x61a3, 0xeee2, 0xd4c0, 0xd4a0, 0xd4a0, 0xd4a0, 0x9ac2, 0xcc81, 0x9aa3, 0x92a3, 0x92a3, 0x92a3, 0x92a3, 0x92a3, 0x92a3, 0x61a3, 0x61a3, 0xcc81, 0x61c2, 0x61a3, 0x59a3, 0x59a3, 0x59a3, 0x59a3, 0x59a3, 0x59a3, 0x59a3, 0x59a3, 0x59a3, 0x59a3, 0x59a3, 0x59a3, 0x59a3, 0x59a3, 0x59a3, 0x59a3, 0x59a3, 0x59a3, 0x59a3, 0x59a3, 0x59a3, 0x59a3, 0x5983, 0x61a3, 0x61a3, 0x61a3, 0xcc81, 0xd480, 0xd4a0, 0xd4a0, 0xd480, 0xd480, 0xd480, 0xcc81, 0x61a3, 0x59a3, 0x59a3, 0x59a3, 0x59a3, 0x59a3, 0x59a3, 0x59a3, 0x61a3, 0xcc81, 0x9aa3, 0x92a4, 0x92a4, 0x92a4, 0x92a3, 0x92a4, 0x4124, 0x5984, 0x59a3, 0x59a3, 0x59a3, 0x59a3, 0x59a3, 0x59a3, 0x59a3, 0x59a3, 0x59a3, 0x59a3, 0x59a3, 0x61a3, 0x92a4, 0x92a3, 0x92a3, 0x92a3, 0x92a3, 0x92a3, 0x92a3, 0x92a3, 0x92a3, 0x92a3, 0x92a3, 0x92a3, 0x92a3},
		{0x59a3, 0x59a3, 0x5983, 0x61a3, 0xd480, 0xd4a0, 0xef01, 0xef01, 0xccc0, 0xeee1, 0xe6e2, 0xf7dd, 0xf7de, 0xffff, 0xffff, 0xffff, 0xffff, 0xf7de, 0x5983, 0x59a3, 0x59a3, 0x59a3, 0x59a3, 0x59a3, 0x59a3, 0x59a3, 0x59a3, 0x59a3, 0x59a3, 0x59a3, 0x59a3, 0x61a3, 0xef01, 0xeee1, 0xd4a0, 0xd4a0, 0xd4a0, 0xd480, 0x9aa2, 0x92a3, 0x92a3, 0x92a3, 0x92a3, 0x92a3, 0x92a3, 0x92a3, 0x92a3, 0x92a3, 0x61a3, 0x5983, 0x59a3, 0x59a3, 0x59a3, 0x59a3, 0x59a3, 0x59a3, 0x59a3, 0x59a3, 0x59a3, 0x59a3, 0x59a3, 0x59a3, 0x59a3, 0x59a3, 0x59a3, 0x59a3, 0x59a3, 0x59a3, 0x59a3, 0x59a3, 0x59a3, 0x59a3, 0x5983, 0x61a3, 0xd480, 0xd4a0, 0xd4a0, 0xd4a0, 0xd4a0, 0xd4a0, 0xd4a0, 0xd4a0, 0xd4a0, 0xd4a0, 0xd480, 0xcc81, 0x61a3, 0x5983, 0x59a3, 0x59a3, 0x59a3, 0x59a3, 0x59a3, 0x61a3, 0xd480, 0x9aa3, 0x92a3, 0x92a3, 0x92a3, 0x92a3, 0x92a4, 0x4124, 0x5984, 0x59a3, 0x59a3, 0x59a3, 0x59a3, 0x59a3, 0x59a3, 0x59a3, 0x59a3, 0x59a3, 0x59a3, 0x5983, 0x59a3, 0x61a3, 0x92a3, 0x92a3, 0x92a3, 0x92a3, 0x92a3, 0x92a3, 0x92a3, 0x92a3, 0x92a3, 0x92a3, 0x92a3, 0x92a3},
		{0x59a3, 0x59a3, 0x61a3, 0xcc81, 0xd4a0, 0xd4a0, 0xd4c0, 0xef01, 0xef01, 0xccc0, 0xeee2, 0xf7dd, 0xf7de, 0xf7de, 0xffff, 0xffff, 0xffff, 0xf7de, 0x5984, 0x59a3, 0x59a3, 0x59a3, 0x59a3, 0x59a3, 0x59a3, 0x59a3, 0x59a3, 0x59a3, 0x59a3, 0x59a3, 0x5983, 0x61a3, 0xeee2, 0xd4c0, 0xd4a0, 0xd4a0, 0xd480, 0x9ac2, 0xcc81, 0x9aa3, 0x92a3, 0x92a3, 0x92a3, 0x92a3, 0x92a3, 0x9aa3, 0xd480, 0xd4a0, 0xcc81, 0x61a2, 0x59a3, 0x59a3, 0x59a3, 0x59a3, 0x59a3, 0x59a3, 0x59a3, 0x59a3, 0x59a3, 0x59a3, 0x59a3, 0x59a3, 0x59a3, 0x59a3, 0x59a3, 0x5983, 0x5983, 0x5983, 0x61a3, 0x61a3, 0x61a3, 0x61a3, 0x61a3, 0xcc81, 0xd4a0, 0xd4a0, 0xd4a0, 0xd4a0, 0xd4a0, 0xd4a0, 0xd4a0, 0xd4a0, 0xd4a0, 0xd480, 0x61a3, 0x61a3, 0x59a3, 0x59a3, 0x59a3, 0x59a3, 0x59a3, 0x5983, 0x59a3, 0x61a3, 0xd480, 0x9aa3, 0x92a3, 0x92a3, 0x92a3, 0x9aa3, 0x92a3, 0x4104, 0x5984, 0x59a3, 0x59a3, 0x59a3, 0x59a3, 0x59a3, 0x59a3, 0x59a3, 0x59a3, 0x59a3, 0x59a3, 0x59a3, 0x5983, 0x61a3, 0x92a3, 0x92a3, 0x92a3, 0x92a3, 0x92a3, 0x92a3, 0x92a3, 0x92a3, 0x92a3, 0x92a3, 0x92a3, 0x92a3},
		{0x59a3, 0x61a3, 0xd480, 0xd4a0, 0xd4a0, 0xd4a0, 0xd4a0, 0xd4a0, 0xeee1, 0xd4a0, 0xcca0, 0xf7dd, 0xf7dd, 0xf7de, 0xf7de, 0xffff, 0xffff, 0xf7de, 0xf7de, 0x5984, 0x59a3, 0x59a3, 0x59a3, 0x59a3, 0x59a3, 0x59a3, 0x59a3, 0x59a3, 0x59a3, 0x59a3, 0x59a3, 0x61c2, 0xccc0, 0xeee2, 0xd4a0, 0xd4a0, 0x9ac2, 0xd481, 0x9ac2, 0x92a3, 0x92a3, 0x92a3, 0x92a3, 0x92a3, 0x9aa3, 0xd480, 0xd4a0, 0xd4a0, 0xd4a0, 0xd480, 0x61a3, 0x5983, 0x59a3, 0x59a3, 0x59a3, 0x59a3, 0x59a3, 0x59a3, 0x59a3, 0x59a3, 0x59a3, 0x59a3, 0x59a3, 0x59a3, 0x59a3, 0x59a3, 0x61a3, 0x61a3, 0xd480, 0xd4a0, 0xd4a0, 0xd4a0, 0xd4a0, 0xd4a0, 0xd4a0, 0xd480, 0xd480, 0xd480, 0xcc81, 0x61a3, 0x61a3, 0x61a3, 0x61a3, 0x61a3, 0x6183, 0x59a3, 0x59a3, 0x59a3, 0x59a3, 0x59a3, 0x5983, 0x5984, 0x5984, 0x61a3, 0xcc81, 0x92a3, 0x92a4, 0x92a4, 0x92a4, 0x92a3, 0x92a4, 0x4104, 0x5984, 0x5984, 0x5984, 0x5984, 0x59a3, 0x59a3, 0x59a3, 0x59a3, 0x59a3, 0x59a3, 0x59a3, 0x59a3, 0x59a3, 0x59a3, 0x61a3, 0x92a3, 0x92a3, 0x92a3, 0x92a3, 0x92a3, 0x92a3, 0x92a3, 0x92a3, 0x92a3, 0x92a3, 0x92a3},
		{0x59a3, 0x61a3, 0xd480, 0xd4a0, 0xd4a0, 0xd4a0, 0xd4a0, 0xd4a0, 0xd4a0, 0xd4a0, 0xd4a0, 0xcc81, 0xcc81, 0xf7dd, 0xf7de, 0xf7de, 0xf7de, 0xf7de, 0xf7de, 0x5984, 0x59a3, 0x59a3, 0x59a3, 0x59a3, 0x59a3, 0x59a3, 0x59a3, 0x59a3, 0x59a3, 0x5983, 0x59a3, 0xe6e3, 0xf6e2, 0xd4c0, 0xd4a0, 0xd4a0, 0xd480, 0x9ac2, 0xcc81, 0x9aa3, 0x92a3, 0x92a3, 0x92a3, 0x92a3, 0x9aa3, 0xd480, 0xd4a0, 0xd4a0, 0xd4a0, 0xd4a0, 0xcc81, 0x61a3, 0x59a3, 0x59a3, 0x59a3, 0x59a3, 0x59a3, 0x59a3, 0x59a3, 0x59a3, 0x59a3, 0x59a3, 0x59a3, 0x59a3, 0x59a3, 0x61a3, 0xcc81, 0xd480, 0xd4a0, 0xd4a0, 0xd4a0, 0xd4a0, 0xd4a0, 0xd4a0, 0xcc80, 0x61a2, 0x61a3, 0x61a3, 0x61a3, 0x59a3, 0x59a3, 0x59a3, 0x59a3, 0x59a3, 0x59a3, 0x59a3, 0x59a3, 0x59a3, 0x59a3, 0x59a3, 0x5984, 0x30a3, 0x4104, 0x4104, 0x4123, 0x4104, 0x4104, 0x4104, 0x4104, 0x4104, 0x4104, 0x4104, 0x4104, 0x4104, 0x4104, 0x5984, 0x59a3, 0x59a3, 0x59a3, 0x59a3, 0x59a3, 0x59a3, 0x59a3, 0x59a3, 0x61a3, 0x5983, 0x61a3, 0x92a3, 0x92a3, 0x92a3, 0x92a3, 0x92a3, 0x92a3, 0x92a3, 0x92a3, 0x92a3, 0x92a3, 0x92a3},
		{0x59a3, 0x5983, 0x61a3, 0xd480, 0xd4a0, 0xd4a0, 0xd4a0, 0xd480, 0xd480, 0xcc81, 0x61a3, 0x61a3, 0xcc80, 0xd4a0, 0xe6c3, 0xf7dc, 0xf7dd, 0xf7de, 0xf7de, 0x5984, 0x59a3, 0x59a3, 0x59a3, 0x59a3, 0x59a3, 0x59a3, 0x59a3, 0x59a3, 0x5983, 0x59a3, 0x61c2, 0xeee2, 0xd4c0, 0xd4a0, 0xd4a0, 0xd480, 0x9ac2, 0xcc81, 0x9aa3, 0x92a3, 0x92a3, 0x92a3, 0x92a3, 0x92a3, 0x92a3, 0x9aa3, 0xd480, 0xd4a0, 0xd4a0, 0xd4a0, 0xcc81, 0x61a3, 0x59a3, 0x59a3, 0x59a3, 0x59a3, 0x59a3, 0x59a3, 0x59a3, 0x59a3, 0x59a3, 0x59a3, 0x59a3, 0x61a3, 0x61c2, 0xcc81, 0xd4a0, 0xd4a0, 0xd4a0, 0xd4a0, 0xd4a0, 0xd4a0, 0xcc81, 0x61a3, 0x61a3, 0x5983, 0x59a3, 0x59a3, 0x59a3, 0x59a3, 0x59a3, 0x59a3, 0x59a3, 0x59a3, 0x59a3, 0x59a3, 0x59a3, 0x59a3, 0x59a3, 0x5984, 0x30a3, 0x4104, 0x4104, 0x4104, 0x4104, 0x4104, 0x4104, 0x4104, 0x4104, 0x4104, 0x4104, 0x4104, 0x4104, 0x4104, 0x4104, 0x4104, 0x5984, 0x5984, 0x59a3, 0x59a3, 0x59a3, 0x59a3, 0x59a3, 0x59a3, 0x5984, 0x61a3, 0x92a3, 0x92a3, 0x92a3, 0x92a3, 0x92a3, 0x92a3, 0x92a3, 0x92a3, 0x92a3, 0x92a3, 0x92a3, 0x92a3},
		{0x59a3, 0x59a3, 0x61a3, 0xd480, 0xd4a0, 0xd4a0, 0xcc80, 0x61a2, 0x61a3, 0x61a3, 0x5983, 0x59a3, 0x61c2, 0xcc80, 0xd4c0, 0xeee2, 0xe6e3, 0xf7dd, 0xf7de, 0xf7de, 0x5984, 0x59a3, 0x59a3, 0x59a3, 0x59a3, 0x59a3, 0x59a3, 0x59a3, 0x59a3, 0x61a3, 0xeee3, 0xccc0, 0xf6e2, 0xd4a0, 0xd4a0, 0x9ac2, 0xd481, 0x9ac2, 0x92a3, 0x92a3, 0x92a3, 0x92a3, 0x92a3, 0x92a3, 0x92a3, 0x92a3, 0x9ac2, 0xd480, 0xd4a0, 0xd4a0, 0x61a3, 0x5983, 0x59a3, 0x59a3, 0x59a3, 0x59a3, 0x59a3, 0x59a3, 0x59a3, 0x59a3, 0x59a3, 0x59a3, 0x61a3, 0xcc81, 0xcc80, 0xd4a0, 0xd4a0, 0xd4a0, 0xd4a0, 0xd4a0, 0xd4a0, 0xd480, 0x61a3, 0x59a3, 0x5983, 0x59a3, 0x59a3, 0x59a3, 0x59a3, 0x59a3, 0x59a3, 0x59a3, 0x59a3, 0x59a3, 0x59a3, 0x59a3, 0x59a3, 0x5983, 0x5984, 0x30a3, 0x4104, 0x4104, 0x4104, 0x4104, 0x4104, 0x4104, 0x4104, 0x4104, 0x4104, 0x4104, 0x4104, 0x4104, 0x4104, 0x4104, 0x4104, 0x4104, 0x4104, 0x5984, 0x5983, 0x59a3, 0x59a3, 0x59a3, 0x59a3, 0x59a3, 0x61a3, 0x92a4, 0x92a3, 0x92a3, 0x92a3, 0x92a3, 0x92a3, 0x92a3, 0x92a3, 0x92a3, 0x92a3, 0x9aa3, 0x92a3, 0x92a3},
		{0x59a3, 0x59a3, 0x61a3, 0xcc81, 0xcc81, 0x61a3, 0x61a3, 0x5983, 0x5983, 0x59a3, 0x59a3, 0x59a3, 0x59a3, 0x61a3, 0xcc80, 0xef01, 0xef01, 0xe6e2, 0xf7dd, 0xf7de, 0xf7de, 0x5984, 0x5984, 0x5983, 0x59a3, 0x59a3, 0x5983, 0x59a3, 0x61c2, 0xeee2, 0xd4c0, 0xeee2, 0xd4a0, 0xd4a0, 0xd4a0, 0xd480, 0x9ac2, 0xcc81, 0x9aa3, 0x92a3, 0x92a3, 0x92a3, 0x92a3, 0x92a3, 0x92a3, 0x92a3, 0x92a3, 0x9aa3, 0xd480, 0xd4a0, 0x61a3, 0x5983, 0x59a3, 0x59a3, 0x59a3, 0x59a3, 0x59a3, 0x59a3, 0x59a3, 0x59a3, 0x59a3, 0x59a3, 0x5983, 0x61a3, 0x61a3, 0x61a3, 0x61a3, 0x61a3, 0x61a3, 0x61a3, 0x61a3, 0x61a3, 0x59a3, 0x59a3, 0x59a3, 0x59a3, 0x59a3, 0x59a3, 0x59a3, 0x59a3, 0x59a3, 0x59a3, 0x59a3, 0x59a3, 0x59a3, 0x59a3, 0x59a3, 0x5984, 0x30a3, 0x4104, 0x4104, 0x4104, 0x4104, 0x5984, 0x5984, 0x4104, 0x4104, 0x4104, 0x4104, 0x4104, 0x4104, 0x4104, 0x4104, 0x4104, 0x4104, 0x4104, 0x4104, 0x4104, 0x5984, 0x59a3, 0x59a3, 0x59a3, 0x59a3, 0x59a3, 0x5983, 0x61a3, 0x92a4, 0x92a3, 0x92a3, 0x92a3, 0x92a3, 0x92a3, 0x92a3, 0x92a3, 0x92a3, 0x9aa3, 0xcc81, 0x92a3},
		{0x59a3, 0x59a3, 0x5983, 0x61a3, 0x61a3, 0x61a3, 0x61a3, 0x61a3, 0x61a3, 0x5983, 0x5983, 0x59a3, 0x6183, 0x59a3, 0x61c2, 0xcca0, 0xccc0, 0xef01, 0xe6e3, 0xf7dd, 0xf7de, 0xf7de, 0xf7de, 0x5984, 0x5983, 0x59a3, 0x59a3, 0x61a3, 0xeec3, 0xccc0, 0xf6e2, 0xd4c0, 0xd4a0, 0xd4a0, 0xd480, 0x9ac2, 0xcc81, 0x9ac2, 0x92a3, 0x92a3, 0x92a3, 0x92a3, 0x92a3, 0x92a3, 0x92a3, 0x92a3, 0x92a3, 0x92a3, 0x9ac2, 0xcc81, 0x61a3, 0x59a3, 0x59a3, 0x59a3, 0x59a3, 0x59a3, 0x59a3, 0x59a3, 0x59a3, 0x59a3, 0x59a3, 0x59a3, 0x59a3, 0x59a3, 0x59a3, 0x59a3, 0x59a3, 0x59a3, 0x59a3, 0x59a3, 0x59a3, 0x59a3, 0x59a3, 0x59a3, 0x59a3, 0x59a3, 0x59a3, 0x59a3, 0x59a3, 0x59a3, 0x59a3, 0x59a3, 0x59a3, 0x59a3, 0x59a3, 0x59a3, 0x5984, 0x30a3, 0x4104, 0x4104, 0x4104, 0x5984, 0x5984, 0x59a3, 0x5983, 0x5984, 0x5984, 0x5984, 0x5984, 0x4104, 0x4104, 0x4104, 0x4104, 0x4104, 0x4104, 0x4104, 0x4104, 0x4104, 0x4104, 0x5984, 0x59a3, 0x59a3, 0x59a3, 0x59a3, 0x59a3, 0x59a3, 0x61a3, 0x92a4, 0x9aa3, 0x92a3, 0x92a3, 0x92a3, 0x92a3, 0x92a3, 0x92a3, 0x92a3, 0x9aa3, 0x92a3},
		{0x59a3, 0x59a3, 0x5983, 0x5983, 0x61c2, 0xcc80, 0xd4a0, 0xd4a0, 0xcc80, 0x61c2, 0x5983, 0x59a3, 0x59a3, 0x59a3, 0x5984, 0x61a3, 0xd4a0, 0xd4a0, 0xef01, 0xeee2, 0xf7dd, 0xf7de, 0xf7de, 0xf7de, 0x5984, 0x61a3, 0x61c2, 0xeec3, 0xd4c0, 0xeee2, 0xd4a0, 0xd4a0, 0xd4a0, 0xd480, 0x9ac2, 0xcc81, 0x9aa3, 0x9aa3, 0x92a3, 0x92a3, 0x92a3, 0x92a3, 0x92a3, 0x92a3, 0x92a3, 0x92a3, 0x92a3, 0x92a3, 0x92a3, 0x92a3, 0x61a3, 0x61a3, 0x61a3, 0x61a3, 0x61a3, 0x61a3, 0x61a3, 0x61a3, 0x61a3, 0x61a3, 0x61a3, 0x61a3, 0x61a3, 0x59a3, 0x59a3, 0x59a3, 0x5983, 0x59a3, 0x59a3, 0x59a3, 0x59a3, 0x59a3, 0x59a3, 0x59a3, 0x59a3, 0x59a3, 0x59a3, 0x59a3, 0x59a3, 0x5983, 0x59a3, 0x59a3, 0x59a3, 0x59a3, 0x59a3, 0x5984, 0x30a3, 0x4104, 0x4104, 0x4104, 0x5984, 0x5983, 0x59a3, 0x59a3, 0x59a3, 0x5983, 0x59a3, 0x59a3, 0x6183, 0x5983, 0x59a3, 0x5984, 0x5984, 0x4104, 0x4104, 0x4104, 0x4104, 0x4104, 0x4104, 0x4104, 0x5984, 0x59a3, 0x59a3, 0x5983, 0x59a3, 0x5984, 0x6183, 0x61a3, 0x92a3, 0x92a3, 0x92a3, 0x92a3, 0x92a3, 0x92a3, 0x92a3, 0x92a3, 0x92a3, 0x92a3},
		{0x59a3, 0x5984, 0x59a3, 0x61a3, 0xd480, 0xd4a0, 0xd4a0, 0xd4a0, 0xd4a0, 0xd481, 0x61a3, 0x61a3, 0x61a3, 0x59a3, 0x5984, 0x61a3, 0xd480, 0xd4a0, 0xef01, 0xef01, 0xe6c3, 0xf7dd, 0xf7de, 0xf7de, 0xf7dd, 0xe6e3, 0xeee2, 0xccc0, 0xf6e2, 0xd4c0, 0xd4a0, 0xd4a0, 0xd480, 0x9ac2, 0xd481, 0x9ac2, 0x9aa3, 0x92a3, 0x92a3, 0x92a3, 0x92a3, 0x92a3, 0x92a3, 0x92a3, 0x92a3, 0x92a3, 0x92a3, 0x92a3, 0x92a3, 0x92a3, 0x92a3, 0x92a3, 0x92a3, 0x92a3, 0x92a3, 0x92a3, 0x92a3, 0x92a3, 0x92a3, 0x92a3, 0x92a3, 0x92a3, 0x92a4, 0x61a3, 0x61a3, 0x61a3, 0x5983, 0x59a3, 0x59a3, 0x59a3, 0x59a3, 0x59a3, 0x59a3, 0x59a3, 0x59a3, 0x59a3, 0x59a3, 0x59a3, 0x5983, 0x5984, 0x59a3, 0x59a3, 0x59a3, 0x59a3, 0x5984, 0x30a3, 0x4104, 0x4104, 0x4104, 0x5984, 0x61a3, 0x59a3, 0x59a3, 0x59a3, 0x5983, 0x61a3, 0x61a3, 0x61a3, 0x61a3, 0x61a3, 0x61a3, 0x59a3, 0x59a3, 0x5984, 0x5984, 0x5984, 0x5984, 0x4104, 0x4104, 0x4104, 0x4104, 0x5984, 0x59a3, 0x5983, 0x59a3, 0x61a3, 0x92a4, 0x92a3, 0x92a3, 0x92a3, 0x92a3, 0x92a3, 0x92a3, 0x92a3, 0x92a3, 0x92a3, 0x92a3, 0x92a3},
		{0x6183, 0x59a3, 0x61a2, 0xcc80, 0xd4a0, 0xd4a0, 0xd4a0, 0xd4a0, 0xd4a0, 0xd4a0, 0xd4a0, 0xd4a0, 0xcc80, 0x61a3, 0x59a3, 0x59a3, 0x61a3, 0xcc81, 0xd4a0, 0xd4a0, 0xd4a0, 0xeee2, 0xef01, 0xeee2, 0xccc0, 0xeee1, 0xccc0, 0xeee2, 0xd4a0, 0xd4a0, 0xd4a0, 0xd480, 0x9ac2, 0xd481, 0x9aa3, 0x92a3, 0x92a3, 0x92a3, 0x92a3, 0x92a3, 0x9aa3, 0x92a3, 0x92a3, 0x92a3, 0x92a3, 0x92a3, 0x92a3, 0x92a3, 0x92a3, 0x92a3, 0x92a3, 0x92a3, 0x92a3, 0x92a3, 0x92a3, 0x92a3, 0x92a3, 0x92a3, 0x92a3, 0x92a3, 0x92a3, 0x92a3, 0x92a3, 0x92a3, 0x92a3, 0x92a3, 0x61a3, 0x59a3, 0x59a3, 0x59a3, 0x59a3, 0x59a3, 0x59a3, 0x59a3, 0x59a3, 0x59a3, 0x59a3, 0x59a3, 0x5984, 0x30a3, 0x59a3, 0x59a3, 0x59a3, 0x59a3, 0x59a3, 0x59a3, 0x92a3, 0x92a3, 0x92a3, 0x9aa3, 0x92a3, 0x5983, 0x59a3, 0x6183, 0x61a3, 0x92a3, 0x92a3, 0x92a4, 0x92a3, 0x92a3, 0x92a3, 0x92a3, 0x92a3, 0x61a3, 0x59a3, 0x59a3, 0x59a3, 0x5983, 0x59a4, 0x5984, 0x4104, 0x5984, 0x5983, 0x5983, 0x61a3, 0x92a4, 0x92a3, 0x92a3, 0x92a3, 0x92a3, 0x92a3, 0x92a3, 0x92a3, 0x92a3, 0x92a3, 0x92a3, 0x92a3, 0x92a3},
		{0x59a3, 0x61a3, 0xcc80, 0xd4a0, 0xd4a0, 0xd4a0, 0xd4a0, 0xd4a0, 0xd4a0, 0xd4a0, 0xd4a0, 0xd4a0, 0xcc81, 0x61a3, 0x59a3, 0x59a3, 0x59a3, 0x61a2, 0xd480, 0xd4a0, 0xd4a0, 0xd4c0, 0xef01, 0xccc0, 0xf6e2, 0xd4c0, 0xeee1, 0xd4c0, 0xd4a0, 0xd4a0, 0xd480, 0x9ac2, 0xcc81, 0x9ac2, 0x92a3, 0x92a3, 0x92a3, 0x92a3, 0x92a3, 0x9aa3, 0xcc81, 0x9aa3, 0x92a3, 0x92a3, 0x92a3, 0x92a3, 0x92a3, 0x92a3, 0x92a3, 0x92a3, 0x92a3, 0x92a3, 0x92a3, 0x92a3, 0x92a3, 0x92a3, 0x92a3, 0x92a3, 0x92a3, 0x92a3, 0x92a3, 0x92a3, 0x92a3, 0x92a3, 0x92a3, 0x92a3, 0x61a3, 0x5984, 0x59a3, 0x59a3, 0x59a3, 0x59a3, 0x59a3, 0x59a3, 0x59a3, 0x59a3, 0x59a3, 0x59a3, 0x5984, 0x30a3, 0x59a3, 0x59a3, 0x59a3, 0x59a3, 0x59a3, 0x61a3, 0xd480, 0xd480, 0xd480, 0xd480, 0x92a3, 0x4124, 0x59a3, 0x92a3, 0x92a4, 0x92a3, 0x59a3, 0x4923, 0x59a3, 0x92a3, 0x92a3, 0x92a3, 0x92a3, 0x61a3, 0x59a3, 0x59a3, 0x59a3, 0x59a3, 0x59a3, 0x59a4, 0x4104, 0x59a4, 0x5983, 0x61a3, 0x92a4, 0x92a3, 0x92a3, 0x92a3, 0x92a3, 0x92a3, 0x92a3, 0x92a3, 0x92a3, 0x92a3, 0x92a3, 0x92a3, 0x92a3, 0x92a3},
		{0x61a2, 0xcc80, 0xd4a0, 0xd4a0, 0xd4a0, 0xd4a0, 0xd4a0, 0xd4a0, 0xd4a0, 0xd4a0, 0xd4a0, 0xcc80, 0x61a3, 0x59a3, 0x59a3, 0x59a3, 0x61a3, 0xcc61, 0x61c2, 0xeee2, 0xd4a0, 0xf6e2, 0xd4c0, 0xf6e2, 0xd4a0, 0xd4a0, 0xd4a0, 0xd4a0, 0x9ac2, 0xd480, 0x9ac2, 0xcc81, 0x9aa3, 0x92a3, 0x92a3, 0x92a3, 0x92a3, 0x92a3, 0x92a3, 0x92a3, 0x92a3, 0x92a3, 0x92a3, 0x92a3, 0x92a3, 0x92a3, 0x92a3, 0x92a3, 0x92a3, 0x92a3, 0x92a3, 0x92a3, 0x92a3, 0x92a3, 0x92a3, 0x92a3, 0x92a3, 0x92a3, 0x92a3, 0x92a3, 0x92a3, 0x92a3, 0x92a3, 0x92a3, 0x92a3, 0x92a3, 0x92a4, 0x61a3, 0x5983, 0x5983, 0x59a3, 0x59a3, 0x59a3, 0x59a3, 0x59a3, 0x59a3, 0x59a3, 0x59a3, 0x5984, 0x30a3, 0x59a3, 0x59a3, 0x59a3, 0x59a3, 0x59a3, 0x61a3, 0xd4a0, 0xd4a0, 0xd4a0, 0xcc80, 0x92a3, 0x4104, 0x4923, 0x92a4, 0x4104, 0x4104, 0xf7de, 0x4104, 0xf7de, 0x5984, 0x4923, 0x92a3, 0x92a3, 0x92a3, 0x59a3, 0x59a3, 0x59a3, 0x59a3, 0x59a3, 0x59a4, 0x4104, 0x61a3, 0x61a3, 0x92a4, 0x92a3, 0x92a3, 0x92a3, 0x92a3, 0x92a3, 0x92a3, 0x92a3, 0x92a3, 0x92a3, 0x92a3, 0x92a3, 0x92a3, 0x92a3, 0x92a3},
		{0xd480, 0xd4a0, 0xd4a0, 0xd4a0, 0xd4a0, 0xd4a0, 0xd4a0, 0xd4a0, 0xd4a0, 0xd4a0, 0xd480, 0x61a2, 0x59a3, 0x61a3, 0x61a3, 0x61a3, 0x61a3, 0x61c2, 0xcc80, 0xd4a0, 0xd4a0, 0xd4a0, 0xd4a0, 0xd4a0, 0xd4a0, 0xd4a0, 0xd4a0, 0xd4a0, 0xd481, 0x9ac2, 0xcc81, 0x9aa2, 0x92a3, 0x92a3, 0x92a3, 0x92a3, 0x92a3, 0x92a3, 0x92a3, 0x92a3, 0x92a3, 0x92a3, 0x92a3, 0x92a3, 0x92a3, 0x92a3, 0x92a3, 0x92a3, 0x92a3, 0x92a3, 0x92a3, 0x92a3, 0x92a3, 0x92a3, 0x92a3, 0x92a3, 0x92a3, 0x92a3, 0x92a3, 0x92a3, 0x92a3, 0x92a3, 0x92a3, 0x92a3, 0x92a3, 0x92a3, 0x92a3, 0x92a4, 0x61a3, 0x61a3, 0x61a3, 0x61a3, 0x61a3, 0x61a3, 0x61a3, 0x61a3, 0x61a3, 0x61a3, 0x59a3, 0x30a3, 0x59a3, 0x59a3, 0x59a3, 0x59a3, 0x59a3, 0x61a3, 0xcc80, 0xd4a0, 0xcc80, 0x61c2, 0x92a4, 0x4104, 0x92a4, 0x92a3, 0x4104, 0xf7de, 0xf7de, 0x4104, 0xf7de, 0xf7de, 0x5984, 0x92a3, 0x92a3, 0x92a3, 0x61a3, 0x59a3, 0x59a3, 0x59a3, 0x59a3, 0x59a4, 0x4104, 0x92a4, 0x92a3, 0x92a3, 0x92a3, 0x92a3, 0x92a3, 0x92a3, 0x92a3, 0x92a3, 0x92a3, 0x92a3, 0x92a3, 0x92a3, 0x92a3, 0x92a3, 0x92a3, 0x92a3},
		{0xd480, 0xd4a0, 0xd4a0, 0xd480, 0xd480, 0xd4a0, 0xd4a0, 0xd4a0, 0xd480, 0xd480, 0xcc81, 0x61a3, 0x61a2, 0xcc81, 0x9ac2, 0xcc81, 0xd4a0, 0xd480, 0xd4a0, 0xd4a0, 0xd4a0, 0xd480, 0xd4a0, 0xd4a0, 0xd4a0, 0xd480, 0xd4a0, 0xd480, 0x9ac2, 0xcc81, 0x9aa3, 0x92a3, 0x92a3, 0x92a3, 0x92a3, 0x92a3, 0x92a3, 0x92a3, 0x92a3, 0x92a3, 0x92a3, 0x92a3, 0x92a3, 0x92a3, 0x92a3, 0x92a3, 0x92a3, 0x92a3, 0x92a3, 0x92a3, 0x92a3, 0x92a3, 0x92a3, 0x92a3, 0x92a3, 0x92a3, 0x92a3, 0x92a3, 0x92a3, 0x92a3, 0x92a3, 0x92a3, 0x92a3, 0x92a3, 0x92a3, 0x92a3, 0x92a3, 0x92a3, 0x92a3, 0x92a3, 0x92a3, 0x92a3, 0x92a3, 0x92a3, 0x92a3, 0x92a3, 0x92a3, 0x92a4, 0x92a4, 0x30a3, 0x5984, 0x5984, 0x5984, 0x5984, 0x6183, 0x5983, 0xf7de, 0xf7de, 0x61a3, 0x61a3, 0x92a4, 0x4923, 0x92a3, 0x61a3, 0xf7de, 0xf7de, 0xf7de, 0x5984, 0xf7de, 0xf7de, 0xf7de, 0x4104, 0x92a3, 0x92a3, 0x92a3, 0x61a3, 0x59a3, 0x59a3, 0x59a3, 0x59a4, 0x4104, 0x92a3, 0x92a3, 0x92a3, 0x92a3, 0x92a3, 0x92a3, 0x92a3, 0x92a3, 0x92a3, 0x92a3, 0x92a3, 0x92a3, 0x92a3, 0x92a3, 0x92a3, 0x92a3, 0x92a3},
		{0x61a2, 0xcc81, 0xcc80, 0x61a2, 0x61a2, 0xcc80, 0xd4a0, 0xd480, 0x61a3, 0x61a3, 0x61a3, 0x61a3, 0xcc81, 0x9ac2, 0xcc81, 0x9ac2, 0xd480, 0x9ac2, 0xd480, 0x9ac2, 0xd480, 0x9ac2, 0xd480, 0x9ac2, 0xd480, 0x9ac2, 0xd480, 0x9ac2, 0xd481, 0x9ac2, 0x92a3, 0x92a3, 0x92a3, 0x92a3, 0x92a3, 0x92a3, 0x92a3, 0x92a3, 0x92a3, 0x92a3, 0x92a3, 0x92a3, 0x92a3, 0x92a3, 0x92a3, 0x92a3, 0x92a3, 0x92a3, 0x92a3, 0x92a3, 0x92a3, 0x92a3, 0x92a3, 0x92a3, 0x92a3, 0x92a3, 0x92a3, 0x92a3, 0x92a3, 0x92a3, 0x92a3, 0x92a3, 0x92a3, 0x92a3, 0x92a3, 0x92a3, 0x92a3, 0x92a3, 0x92a3, 0x92a3, 0x92a3, 0x92a3, 0x92a3, 0x92a3, 0x92a3, 0x92a3, 0x92a4, 0x4903, 0x4104, 0x4104, 0x4104, 0x4104, 0x4104, 0x30a3, 0x5984, 0x5984, 0xf7de, 0xf7de, 0xcc61, 0x61a3, 0x92a4, 0x61a3, 0x92a3, 0x4124, 0x5984, 0x4104, 0x4104, 0x4104, 0x4104, 0x4104, 0x5984, 0x4104, 0x92a3, 0x92a3, 0x92a3, 0x61a3, 0x5983, 0x59a3, 0x59a3, 0x59a4, 0x4104, 0x92a4, 0x92a3, 0x92a3, 0x92a3, 0x92a3, 0x92a3, 0x92a3, 0x92a3, 0x92a3, 0x92a3, 0x92a3, 0x92a3, 0x92a3, 0x92a3, 0x92a3, 0x92a3, 0x92a3},
		{0x5983, 0x61a3, 0x61a3, 0x59a3, 0x59a3, 0x61a3, 0x61a3, 0x61a3, 0x61a3, 0x92a3, 0x92a3, 0x92a3, 0x92a3, 0xd481, 0x9ac2, 0xd481, 0x9ac2, 0xcc81, 0x9ac2, 0xd481, 0xd4a0, 0xd480, 0x9ac2, 0xd481, 0x9ac2, 0xd481, 0x9ac2, 0xcc81, 0x9aa3, 0x92a3, 0x92a3, 0x92a3, 0x92a3, 0x92a3, 0x92a3, 0x92a3, 0x92a3, 0x92a3, 0x92a3, 0x92a3, 0x92a3, 0x92a3, 0x92a3, 0x92a3, 0x92a3, 0x92a3, 0x92a3, 0x92a3, 0xd481, 0x92a3, 0x92a3, 0x92a3, 0x92a3, 0x92a3, 0x92a3, 0x92a3, 0x92a3, 0x92a3, 0x92a3, 0x92a3, 0x92a3, 0x92a3, 0x92a3, 0x92a3, 0x92a3, 0x92a3, 0x92a3, 0x92a3, 0x92a3, 0x92a3, 0x92a3, 0x92a3, 0x92a3, 0x92a3, 0x92a3, 0x92a3, 0x30a3, 0x4104, 0x4104, 0x4104, 0x4104, 0x4104, 0x4104, 0x4104, 0x30a3, 0x5984, 0xf7dd, 0xf7de, 0x4124, 0x5983, 0x92a4, 0x61a3, 0x92a3, 0x61a3, 0xf7de, 0xf7de, 0xf7de, 0x5984, 0xf7de, 0xf7de, 0xf7de, 0x5983, 0x92a3, 0x9aa3, 0x92a4, 0x61a3, 0x59a3, 0x59a3, 0x59a3, 0x59a4, 0x4104, 0x30a3, 0x92a4, 0x92a3, 0x92a3, 0x92a3, 0x92a3, 0x92a3, 0x92a3, 0x92a3, 0x92a3, 0x92a3, 0x92a3, 0x92a3, 0x92a3, 0x92a3, 0x92a3, 0x92a3},
		{0x61a3, 0x92a4, 0x92a3, 0x61a3, 0x59a3, 0x5983, 0x61a3, 0x92a4, 0x92a3, 0x92a3, 0x92a3, 0x92a3, 0x92a3, 0x9aa3, 0x92a3, 0x9aa3, 0xcc81, 0x9ac2, 0xcc81, 0x9ac2, 0xd480, 0x9ac2, 0xcc81, 0x9ac2, 0xcc81, 0x9ac2, 0x92a3, 0x9aa3, 0x92a3, 0x92a3, 0x92a3, 0x92a3, 0x92a3, 0x92a3, 0x92a3, 0x92a3, 0x92a3, 0x92a3, 0x92a3, 0x92a3, 0x92a3, 0x92a3, 0x92a3, 0x92a3, 0x92a3, 0x92a3, 0x92a3, 0x92a3, 0x9aa3, 0x92a3, 0x92a3, 0x92a3, 0x92a3, 0x92a3, 0x92a3, 0x92a3, 0x92a3, 0x92a3, 0x92a3, 0x92a3, 0x92a3, 0x9aa3, 0x92a3, 0x92a3, 0x92a3, 0x92a3, 0x92a3, 0x92a3, 0x92a3, 0x92a3, 0x92a3, 0x92a3, 0x92a3, 0x92a3, 0x92a3, 0x92a3, 0x30a3, 0x5984, 0x4104, 0x4104, 0x4104, 0x4104, 0x4104, 0x4104, 0x30a3, 0x59a3, 0xcc81, 0xcc81, 0x4123, 0x59a3, 0x4903, 0x92a4, 0x92a3, 0x92a3, 0x5984, 0xf7de, 0xf7de, 0x5984, 0xf7de, 0xf7de, 0x5983, 0x92a4, 0x92a3, 0x92a3, 0x61a3, 0x59a3, 0x59a3, 0x5983, 0x61a3, 0x59a3, 0x4104, 0x4104, 0x30a3, 0x92a4, 0x92a3, 0x92a3, 0x92a3, 0x92a3, 0x92a3, 0x92a3, 0x92a3, 0x92a3, 0x92a3, 0x92a3, 0x92a3, 0x92a3, 0x92a3, 0x92a3},
		{0x92a3, 0x92a3, 0x92a3, 0x92a3, 0x92a3, 0x92a3, 0x92a3, 0x92a3, 0x92a3, 0x92a3, 0x92a3, 0x92a3, 0x92a3, 0x92a3, 0x92a3, 0x92a3, 0x9aa3, 0x92a3, 0x9aa3, 0x92a3, 0x9aa3, 0x92a3, 0x9aa3, 0x92a3, 0x9aa3, 0x92a3, 0x92a3, 0x92a3, 0x92a3, 0x92a3, 0x92a3, 0x92a3, 0x9aa3, 0x9aa3, 0x92a3, 0x92a3, 0x92a3, 0x92a3, 0x92a3, 0x92a3, 0x92a3, 0x92a3, 0x92a3, 0x92a3, 0x92a3, 0x92a3, 0x92a3, 0x92a3, 0x92a3, 0x92a3, 0x92a3, 0x92a3, 0x92a3, 0x92a3, 0x92a3, 0x92a3, 0x92a3, 0x92a3, 0x92a3, 0x92a3, 0x9aa3, 0xcc81, 0x9aa3, 0x92a3, 0x92a3, 0x92a3, 0x92a3, 0x92a3, 0x92a3, 0x92a3, 0x92a3, 0x92a3, 0x92a3, 0x92a3, 0x92a3, 0x30a3, 0x5984, 0x59a3, 0x59a3, 0x59a4, 0x4104, 0x4104, 0x4104, 0x4104, 0x4104, 0x30a3, 0xd4a0, 0xd4a0, 0xd4a0, 0xd480, 0x4123, 0x92a4, 0x92a3, 0x92a3, 0x4923, 0x4104, 0xf7de, 0x5984, 0xf7de, 0x5984, 0x4923, 0x92a3, 0x92a3, 0x92a3, 0x61a3, 0x5983, 0x5983, 0x61a3, 0x92a3, 0x92a3, 0x4104, 0x4104, 0x4104, 0x30a3, 0x92a4, 0x92a3, 0x92a3, 0x92a3, 0x92a3, 0x92a3, 0x92a3, 0x92a3, 0x92a3, 0x92a3, 0x92a3, 0x92a3, 0x92a3, 0x92a3},
		{0x92a3, 0x92a3, 0x92a3, 0x92a3, 0x92a3, 0x92a3, 0x92a3, 0x92a3, 0x92a3, 0x92a3, 0x92a3, 0x92a3, 0x92a3, 0x92a3, 0x92a3, 0x92a3, 0x92a3, 0x92a3, 0x92a3, 0x92a3, 0x92a3, 0x92a3, 0x92a3, 0x92a3, 0x92a3, 0x92a3, 0x92a3, 0x92a3, 0x92a3, 0x92a3, 0x92a3, 0x92a3, 0xd481, 0x9aa3, 0x92a3, 0x92a3, 0x92a3, 0x92a3, 0x92a3, 0x92a3, 0x92a3, 0x92a3, 0x92a3, 0x92a3, 0x92a3, 0x92a3, 0x92a3, 0x92a3, 0x92a3, 0x92a3, 0x92a3, 0x92a3, 0x92a3, 0x92a3, 0x92a3, 0x92a3, 0x92a3, 0x92a3, 0x92a3, 0x92a3, 0x92a3, 0x9aa3, 0x92a3, 0x92a3, 0x92a3, 0x92a3, 0x92a3, 0x92a3, 0x92a3, 0x92a3, 0x92a3, 0x92a3, 0x92a3, 0x92a3, 0x92a4, 0x30a3, 0x5983, 0x61a3, 0x5983, 0x5983, 0x5984, 0x4104, 0x4104, 0x4104, 0x4104, 0x30a3, 0xd480, 0xd4a0, 0xd4a0, 0xcc80, 0x4123, 0x92a4, 0x92a3, 0x92a3, 0x92a3, 0x92a4, 0x4104, 0x4104, 0x4123, 0x92a4, 0x92a3, 0x92a3, 0x92a3, 0x92a3, 0x92a4, 0x61a3, 0x6183, 0x92a4, 0x92a3, 0x92a3, 0x4104, 0x4104, 0x4104, 0x4104, 0x30a3, 0x92a4, 0x92a3, 0x92a3, 0x92a3, 0x92a3, 0x92a3, 0x92a3, 0x92a3, 0x92a3, 0x92a3, 0x92a3, 0x92a3, 0x92a3},
		{0x92a3, 0x92a3, 0x92a3, 0x92a3, 0x92a3, 0x92a3, 0x92a3, 0x92a3, 0x92a3, 0x92a3, 0x92a3, 0x92a3, 0x92a3, 0x92a3, 0x92a3, 0x92a3, 0x92a3, 0x92a3, 0x92a3, 0x92a3, 0x92a3, 0x92a3, 0x92a3, 0x92a3, 0x92a3, 0x92a3, 0x92a3, 0x92a3, 0x92a3, 0x92a3, 0x92a3, 0x92a3, 0x9aa3, 0x92a3, 0x92a3, 0x92a3, 0x92a3, 0x92a3, 0x92a3, 0x92a3, 0x92a3, 0x92a3, 0x92a3, 0x92a3, 0x92a3, 0x92a3, 0x92a3, 0x92a3, 0x92a3, 0x92a3, 0x92a3, 0x92a3, 0x92a3, 0x92a3, 0x92a3, 0x92a3, 0x92a3, 0x92a3, 0x92a3, 0x92a3, 0x92a3, 0x92a3, 0x92a3, 0x92a3, 0x92a3, 0x92a3, 0x92a3, 0x92a3, 0x92a3, 0x92a3, 0x92a3, 0x92a3, 0x92a3, 0x92a3, 0x30a3, 0x5984, 0x59a3, 0x59a3, 0x59a3, 0x59a3, 0x5984, 0x4104, 0x4104, 0x4104, 0x4104, 0x4104, 0x30c2, 0xcc81, 0xcc81, 0x4923, 0x4104, 0x92a4, 0x92a3, 0x92a3, 0x92a3, 0x92a3, 0x92a3, 0x92a3, 0x92a3, 0x92a3, 0x92a3, 0x92a3, 0x92a3, 0x92a3, 0x61a3, 0x5983, 0x61a3, 0x92a3, 0x92a3, 0x92a3, 0x4104, 0x4104, 0x4104, 0x4104, 0x30a3, 0x30a3, 0x92a4, 0x92a3, 0x92a3, 0x92a3, 0x92a3, 0x92a3, 0x92a3, 0x92a3, 0x92a3, 0x92a3, 0x92a3, 0x92a3},
		{0x92a3, 0x92a3, 0x92a3, 0x92a3, 0x92a3, 0x92a3, 0x92a3, 0x92a3, 0x92a3, 0x92a3, 0x92a3, 0x92a3, 0x92a3, 0x92a3, 0x92a3, 0x92a3, 0x92a3, 0x92a3, 0x92a3, 0x92a3, 0x92a3, 0x92a3, 0x92a3, 0x92a3, 0x92a3, 0x92a3, 0x92a3, 0x92a3, 0x92a3, 0x92a3, 0x92a3, 0x92a3, 0x92a3, 0x92a3, 0x92a3, 0x92a3, 0x92a3, 0x92a3, 0x92a3, 0x92a3, 0x92a3, 0x92a3, 0x92a3, 0x92a3, 0x92a3, 0x92a3, 0x92a3, 0x92a3, 0x92a3, 0x92a3, 0x92a3, 0x92a3, 0x92a3, 0x92a3, 0x92a3, 0x92a3, 0xeec3, 0x92a3, 0x92a3, 0x92a3, 0x92a3, 0x92a3, 0x92a3, 0x92a3, 0x92a3, 0x92a3, 0x92a3, 0x92a3, 0x92a3, 0x92a3, 0x92a3, 0x92a3, 0x92a3, 0x92a3, 0x30a3, 0x59a3, 0x59a3, 0x59a3, 0x59a3, 0x59a3, 0x4104, 0x4104, 0x4104, 0x4104, 0x4104, 0x4104, 0x30a3, 0x61a3, 0x92a3, 0x6183, 0x4904, 0x92a3, 0x92a3, 0x92a3, 0x92a3, 0x92a3, 0x92a3, 0x92a3, 0x92a3, 0x92a3, 0x92a3, 0x92a3, 0x92a3, 0x92a3, 0x92a4, 0x61a3, 0x61a3, 0x92a3, 0x92a3, 0x92a3, 0x4104, 0x4104, 0x4104, 0x4104, 0x4104, 0x4104, 0x30a3, 0x92a4, 0x92a3, 0x92a3, 0x92a3, 0x92a3, 0x92a3, 0x92a3, 0x92a3, 0x92a3, 0x92a3, 0x92a3},
		{0x92a3, 0x92a3, 0x92a3, 0x92a3, 0x9aa3, 0x92a3, 0x92a3, 0x92a3, 0x92a3, 0x92a3, 0x92a3, 0x92a3, 0x92a3, 0x92a3, 0x92a3, 0x92a3, 0x92a3, 0x92a3, 0x92a3, 0x92a3, 0x92a3, 0x92a3, 0x92a3, 0x92a3, 0x92a3, 0x92a3, 0x92a3, 0x92a3, 0x92a3, 0x92a3, 0x92a3, 0x92a3, 0x92a3, 0x92a3, 0x92a3, 0x92a3, 0x92a3, 0x92a3, 0x92a3, 0x92a3, 0x92a3, 0x92a3, 0x92a3, 0x92a3, 0x92a3, 0x92a3, 0x92a3, 0x92a3, 0x92a3, 0x92a3, 0x92a3, 0x92a3, 0x92a3, 0x92a3, 0x92a3, 0x92a3, 0x92a3, 0x92a3, 0x92a3, 0x92a3, 0x92a3, 0x92a3, 0x92a3, 0x92a3, 0x92a3, 0x92a3, 0x92a3, 0x92a3, 0x92a3, 0x92a3, 0x92a3, 0x92a3, 0x92a3, 0x92a3, 0x61a3, 0x92a3, 0x9aa3, 0x9aa3, 0x9aa3, 0x92a3, 0x92a3, 0x92a3, 0x92a3, 0x92a3, 0x92a3, 0x92a3, 0x92a3, 0x92a3, 0x61a3, 0x61a3, 0x92a4, 0x92a3, 0x92a3, 0x92a3, 0x92a3, 0x92a3, 0x92a4, 0x92a4, 0x92a4, 0x92a3, 0x92a3, 0x92a3, 0x92a3, 0x92a3, 0x92a3, 0x61a3, 0x61a3, 0x92a3, 0x92a3, 0x92a3, 0x4104, 0x5984, 0x5984, 0x4104, 0x4104, 0x4104, 0x30a3, 0x30a3, 0x92a4, 0x92a3, 0x92a3, 0x92a3, 0x92a3, 0x92a3, 0x92a3, 0x92a3, 0x92a3, 0x92a3},
		{0x92a3, 0x92a3, 0x92a3, 0x9aa3, 0xcc81, 0x9aa3, 0x92a3, 0x92a3, 0x92a3, 0x92a3, 0x92a3, 0x92a3, 0x92a3, 0x92a3, 0x92a3, 0x92a3, 0x92a3, 0x92a3, 0x92a3, 0x92a3, 0x92a3, 0x92a3, 0x92a3, 0x92a3, 0x92a3, 0x92a3, 0x92a3, 0x92a3, 0x92a3, 0x92a3, 0x92a3, 0x92a3, 0x92a3, 0x92a3, 0x92a3, 0x92a3, 0x92a3, 0x92a3, 0x92a3, 0x92a3, 0x92a3, 0x92a3, 0x92a3, 0x92a3, 0x92a3, 0x92a3, 0x92a3, 0x92a3, 0x92a3, 0x92a3, 0x92a3, 0x92a3, 0x92a3, 0x92a3, 0x92a3, 0x92a3, 0x92a3, 0x92a3, 0x92a3, 0x92a3, 0x92a3, 0x92a3, 0x92a3, 0x92a3, 0x92a3, 0x92a3, 0x92a3, 0x92a3, 0x92a3, 0x92a3, 0x92a3, 0x92a3, 0x92a3, 0x92a3, 0x61a3, 0xcc81, 0xd4a0, 0xd480, 0xd480, 0x9aa3, 0x92a3, 0x92a3, 0x92a3, 0x92a3, 0x92a3, 0x92a3, 0x92a3, 0x61a3, 0x61a3, 0x92a4, 0x92a3, 0x92a3, 0x92a3, 0x92a3, 0x92a3, 0x92a3, 0xf7de, 0xf7de, 0xf7de, 0x92a4, 0x92a3, 0x92a3, 0x92a3, 0x92a3, 0x92a3, 0x92a3, 0x61a3, 0x92a3, 0x92a3, 0x92a3, 0x4104, 0x5984, 0x5983, 0x5984, 0x4104, 0x4104, 0x4104, 0x30a3, 0x38a3, 0x92a4, 0x92a3, 0x92a3, 0x92a3, 0x92a3, 0x92a3, 0x92a3, 0x92a3, 0x92a3},
		{0x92a3, 0x92a3, 0x92a3, 0x92a3, 0x9aa3, 0x92a3, 0x92a3, 0x92a3, 0x92a3, 0x92a3, 0x92a3, 0x92a3, 0x92a3, 0x92a3, 0x92a3, 0x92a3, 0x92a3, 0x92a3, 0x92a3, 0x92a3, 0x92a3, 0x92a3, 0x92a3, 0x92a3, 0x92a3, 0x92a3, 0x92a3, 0x92a3, 0x92a3, 0x92a3, 0x92a3, 0x92a3, 0x92a3, 0x92a3, 0x92a3, 0x92a3, 0x92a3, 0x92a3, 0x92a3, 0x92a3, 0x92a3, 0x92a3, 0x92a3, 0x92a3, 0x92a3, 0x92a3, 0x92a3, 0x92a3, 0x92a3, 0x92a3, 0x92a3, 0x92a3, 0x92a3, 0x92a3, 0x92a3, 0x92a3, 0x92a3, 0x92a3, 0x92a3, 0x92a3, 0x92a3, 0x92a3, 0x92a3, 0x92a3, 0x92a3, 0x92a3, 0x92a3, 0x92a3, 0x92a3, 0x92a3, 0x92a4, 0x92a3, 0x92a4, 0x92a3, 0x61a3, 0xd480, 0xd4a0, 0xd4a0, 0xd4a0, 0xd480, 0x92a3, 0x92a3, 0x92a3, 0x61a3, 0x92a4, 0x92a3, 0x9aa3, 0x92a3, 0x92a3, 0x92a3, 0x92a3, 0x61a3, 0x61a3, 0x61a3, 0x5983, 0x61a3, 0x5984, 0x4104, 0x4104, 0x4123, 0x4104, 0x4104, 0x4104, 0x4104, 0x92a3, 0x61a3, 0x61a3, 0x92a4, 0x92a3, 0x92a3, 0x4104, 0x5984, 0x5984, 0xf7de, 0xf7de, 0x4104, 0x4104, 0x4104, 0x30a3, 0x30a3, 0x92a3, 0x92a3, 0x92a3, 0x92a3, 0x92a3, 0x92a3, 0x92a3, 0x92a3},
		{0x92a3, 0x92a3, 0x92a3, 0x92a3, 0x92a3, 0x92a3, 0x92a3, 0x92a3, 0x92a3, 0x92a3, 0x92a3, 0x92a3, 0x92a3, 0x92a3, 0x92a3, 0xeec3, 0x92a3, 0x92a3, 0x92a3, 0x92a3, 0x92a3, 0x92a3, 0x92a3, 0x92a3, 0x92a3, 0x92a3, 0x92a3, 0x92a3, 0x92a3, 0x92a3, 0x92a3, 0x92a3, 0x92a3, 0x92a3, 0x92a3, 0x92a3, 0x92a3, 0x92a3, 0x92a3, 0x92a3, 0x92a3, 0x92a3, 0x92a3, 0x92a3, 0x92a3, 0x92a3, 0x92a3, 0x92a3, 0x92a3, 0x92a3, 0x92a3, 0x92a3, 0x92a3, 0x92a3, 0x92a3, 0x92a3, 0x92a3, 0x92a3, 0x92a3, 0x92a3, 0x92a3, 0x92a3, 0x92a3, 0x92a3, 0x92a3, 0x92a3, 0x92a3, 0x92a3, 0x92a3, 0x92a3, 0x4104, 0x4104, 0x4104, 0x4104, 0x61a3, 0xd480, 0x9ac2, 0xd480, 0xd4a0, 0xd4a0, 0x9aa3, 0x92a3, 0x92a3, 0x61a3, 0x61a3, 0x92a4, 0x92a3, 0x92a3, 0x92a3, 0x92a3, 0x92a3, 0x4923, 0x92a4, 0x92a4, 0x4923, 0x8aa4, 0xf7de, 0x4104, 0xf7de, 0x8aa4, 0x4123, 0x92a4, 0x92a4, 0x4104, 0x92a3, 0x92a3, 0x59a3, 0x61a3, 0x92a3, 0x92a3, 0x4104, 0x5984, 0x5984, 0xf7de, 0xf7de, 0x4104, 0x4104, 0x4104, 0x4104, 0x30a3, 0x92a3, 0x92a3, 0x92a3, 0x92a3, 0x92a3, 0x92a3, 0x92a3, 0x92a3},
		{0x92a3, 0x92a3, 0x92a3, 0x92a3, 0x92a3, 0x92a3, 0x92a3, 0x92a3, 0x92a3, 0x92a3, 0x92a3, 0x92a3, 0x92a3, 0x92a3, 0x92a3, 0x92a3, 0x92a3, 0x92a3, 0x92a3, 0x92a3, 0x92a3, 0x92a3, 0x92a3, 0x92a3, 0x92a3, 0x92a3, 0x92a3, 0x92a3, 0x92a3, 0x92a3, 0x92a3, 0x92a3, 0x92a3, 0x92a3, 0x92a3, 0x92a3, 0x92a3, 0x92a3, 0x92a3, 0x92a3, 0x92a3, 0x92a3, 0x92a3, 0x92a3, 0x92a3, 0x92a3, 0x92a3, 0x92a3, 0x92a3, 0x92a3, 0x92a3, 0x92a3, 0x92a3, 0x92a3, 0x92a3, 0x92a3, 0x92a3, 0x92a3, 0x92a3, 0x92a3, 0x92a3, 0x92a3, 0x92a3, 0x92a3, 0x92a3, 0x92a3, 0x92a3, 0x92a3, 0x92a3, 0x92a3, 0x4123, 0x92a4, 0x4104, 0x92a4, 0x61a3, 0xd480, 0x9aa3, 0x9aa3, 0xd4a0, 0xd4a0, 0xd480, 0x9aa3, 0x92a3, 0x92a4, 0x61a3, 0x61a3, 0x92a3, 0x92a3, 0x92a3, 0x92a3, 0x92a3, 0x61a3, 0x92a3, 0x92a3, 0x61a3, 0x92a4, 0xf7de, 0x5984, 0xf7de, 0x92a4, 0x4104, 0x92a3, 0x92a3, 0x4104, 0x92a3, 0x92a3, 0x59a3, 0x61a3, 0x92a3, 0x92a3, 0x4104, 0x5984, 0x5983, 0x5984, 0x5984, 0x5984, 0x4104, 0x4104, 0x4104, 0x30a3, 0x92a3, 0x92a3, 0x92a3, 0x92a3, 0x92a3, 0x92a3, 0x92a3, 0x92a3},
		{0x92a3, 0x92a3, 0x92a3, 0x92a3, 0x92a3, 0x92a3, 0x92a3, 0x92a3, 0x92a3, 0x92a3, 0x92a3, 0x92a3, 0x92a3, 0x92a3, 0x92a3, 0x92a3, 0x92a3, 0x92a3, 0x92a3, 0x92a3, 0x92a3, 0x92a3, 0x92a3, 0x92a3, 0x92a3, 0x92a3, 0x92a3, 0x92a3, 0x92a3, 0x92a3, 0x92a3, 0x92a3, 0x92a3, 0x92a3, 0x92a3, 0x92a3, 0x92a3, 0x92a3, 0x92a3, 0x92a3, 0x92a3, 0x92a3, 0x92a3, 0x92a3, 0x92a3, 0x92a3, 0x92a3, 0x92a3, 0x92a3, 0x92a3, 0x92a3, 0x92a3, 0x92a3, 0x92a3, 0x92a3, 0x92a3, 0x92a3, 0x92a3, 0x92a3, 0x9aa3, 0x92a3, 0x92a3, 0x92a3, 0x92a3, 0x92a3, 0x92a3, 0x92a3, 0x92a3, 0x92a3, 0x92a3, 0x4903, 0x92a4, 0x4123, 0x92a4, 0x61a3, 0xcc81, 0x92a3, 0x92a3, 0xd480, 0xd4a0, 0xd480, 0x9aa3, 0x92a4, 0x61a3, 0x59a3, 0x5983, 0x92a3, 0x92a3, 0x92a3, 0x92a3, 0x92a4, 0x61a3, 0x92a4, 0x92a3, 0x61a3, 0x92a4, 0xf7de, 0x5984, 0xf7de, 0x92a4, 0x6183, 0x92a3, 0x92a4, 0x4103, 0x92a4, 0x92a3, 0x61a3, 0x92a4, 0x61a3, 0x92a4, 0x4104, 0x5984, 0x59a3, 0x59a3, 0x59a3, 0x5983, 0x5984, 0x4104, 0x4104, 0x30a3, 0x92a3, 0x92a3, 0x92a3, 0x92a3, 0x92a3, 0x92a3, 0x92a3, 0x92a3},
		{0x92a3, 0x92a3, 0x92a3, 0x92a3, 0x92a3, 0x92a3, 0x92a3, 0x92a3, 0x92a3, 0x92a3, 0x92a3, 0x92a3, 0x92a3, 0x92a3, 0x92a3, 0x92a4, 0x92a4, 0x92a4, 0x92a4, 0x92a4, 0x92a4, 0x92a3, 0x92a3, 0x9aa3, 0x92a3, 0x92a3, 0x92a3, 0x92c3, 0x92a3, 0x92a3, 0x92a3, 0x92a3, 0x92a3, 0x92a3, 0x92a3, 0x92a3, 0x92a3, 0x92a3, 0x92a3, 0x92a3, 0x92a3, 0x92a3, 0x92a3, 0x92a3, 0x92a3, 0x92a3, 0x92a3, 0x92a3, 0x92a3, 0x92a3, 0x92a3, 0x92a3, 0x92a3, 0x92a3, 0x92a3, 0x92a3, 0x92a3, 0x92a3, 0x9aa3, 0xcc81, 0x9aa3, 0x92a3, 0x92a3, 0x92a3, 0x92a3, 0x92a3, 0x92a3, 0x92a3, 0x92a3, 0x92a3, 0x92a4, 0x4923, 0x4104, 0x30a3, 0x30a3, 0x30a3, 0x30a3, 0x30a3, 0x30a3, 0x30a3, 0x30a3, 0x30a3, 0x30a3, 0x30a3, 0x30a3, 0x30a3, 0x30a3, 0x30a3, 0x30a3, 0x30a3, 0x30a3, 0x30a3, 0x30a3, 0x30a3, 0x30a3, 0x30a3, 0x30a3, 0x30a3, 0x30a3, 0x30a3, 0x30a3, 0x30a3, 0x30a3, 0x30a3, 0x30a3, 0x30a3, 0x30a3, 0x30a3, 0x30a3, 0x30a3, 0x3083, 0x30a3, 0x30a3, 0x30a3, 0x30a3, 0x30a3, 0x30a3, 0x30a3, 0x30a3, 0x30a3, 0x92a4, 0x92a3, 0x92a3, 0x92a3, 0x92a3, 0x92a3, 0x92a3, 0x92a3},
		{0x92a3, 0x92a3, 0x92a3, 0x92a3, 0x92a3, 0x92a3, 0x92a3, 0x92a3, 0x92a3, 0x92a3, 0x92a3, 0x92a3, 0x92a3, 0x92a3, 0x92a4, 0x30a3, 0x30a3, 0x30a3, 0x30a3, 0x30a3, 0x30a3, 0x92a4, 0x9aa3, 0xcc81, 0x92a3, 0x92a3, 0x92a3, 0xeec3, 0x92a3, 0x92a3, 0x92a3, 0x92a3, 0x92a3, 0x92a3, 0x92a3, 0x92a3, 0x92a3, 0x92a3, 0x92a3, 0x92a3, 0x92a3, 0x92a3, 0x92a3, 0x92a3, 0x92a3, 0x92a3, 0x92a3, 0x92a3, 0x92a3, 0x92a3, 0x92a3, 0x92a3, 0x92a3, 0x92a3, 0x92a3, 0x92a3, 0x92a3, 0x92a3, 0x92a3, 0x9aa3, 0x92a3, 0x92a3, 0x92a3, 0x92a3, 0x92a3, 0x92a3, 0x92a3, 0x92a3, 0x92a3, 0x92a3, 0x92a3, 0x92a3, 0x8aa4, 0x30a3, 0x30a3, 0x30a3, 0x4104, 0x4104, 0x4104, 0x4104, 0x4104, 0x4104, 0x4104, 0x4104, 0x4104, 0x4104, 0x4104, 0x4104, 0x4104, 0x4104, 0x4104, 0x4104, 0x4104, 0x4104, 0x4104, 0x4104, 0x4104, 0x4104, 0x4104, 0x4104, 0x4104, 0x4104, 0x4104, 0x4104, 0x4104, 0x4104, 0x4104, 0x4104, 0x4104, 0x4104, 0x4104, 0x4104, 0x30a3, 0x30a3, 0x30a3, 0x30a3, 0x30a3, 0x30a3, 0x30a3, 0x30a3, 0x30a3, 0x92a4, 0x92a3, 0x92a3, 0x92a3, 0x92a3, 0x92a3, 0x92a3},
		{0x92a3, 0x92a4, 0x92a3, 0x92a3, 0x92a3, 0x92a4, 0x92a3, 0x92a3, 0x92a3, 0x92a3, 0x92a3, 0x92a3, 0x92a3, 0x92a3, 0x30a3, 0x30a3, 0x30a3, 0x30a3, 0x30a3, 0x30a3, 0x30a3, 0x92a3, 0x92a3, 0x92a3, 0x92a3, 0x92a3, 0x92a3, 0x92a3, 0x92a3, 0x92a3, 0x92a3, 0x92a3, 0x92a3, 0x92a3, 0x92a3, 0x92a3, 0x92a3, 0x92a3, 0x92a3, 0x92a3, 0x92a3, 0x92a3, 0x92a4, 0x92a4, 0x92a3, 0x92a3, 0x92a3, 0x92a3, 0x92a3, 0x92a3, 0x92a3, 0x92a3, 0x92a3, 0x92a3, 0x92a3, 0x92a3, 0x92a3, 0x92a3, 0x92a3, 0x92a3, 0x92a3, 0x92a3, 0x92a3, 0x92a3, 0x92a3, 0x92a3, 0x92a3, 0x92a3, 0x92a3, 0x92a3, 0x92a3, 0x92a3, 0x30a3, 0x30a3, 0x30a3, 0x4104, 0x4104, 0x4104, 0x4104, 0x4104, 0x4104, 0x4104, 0x4104, 0x4104, 0x4104, 0x4104, 0x4104, 0x4104, 0x4104, 0x4104, 0x4104, 0x4104, 0x4104, 0x4104, 0x4104, 0x4104, 0x4104, 0x4104, 0x4104, 0x4104, 0x4104, 0x4104, 0x4104, 0x4104, 0x4104, 0x4104, 0x4104, 0x4104, 0x4104, 0x4104, 0x4104, 0x4104, 0x4104, 0x4104, 0x4104, 0x4104, 0x30a3, 0x30a3, 0x30a3, 0x30a3, 0x30a3, 0x30a3, 0x92a4, 0x92a3, 0x92a3, 0x92a3, 0x92a3, 0x92a3},
		{0x92a4, 0x38a3, 0x30a3, 0x30a3, 0x30a3, 0x30a3, 0x92a3, 0x92a3, 0x92a3, 0x92a3, 0x92a3, 0x92a3, 0x92a3, 0x92a3, 0x30a3, 0x30a3, 0x28a3, 0x30a3, 0x30a3, 0x30a3, 0x30a3, 0x92a3, 0x92a3, 0x92a3, 0x92a3, 0x92a3, 0x92a3, 0x92a3, 0x92a3, 0x92a3, 0x92a3, 0x92a3, 0x92a3, 0x92a3, 0x92a3, 0x92a3, 0x92a3, 0x92a3, 0x92a4, 0x30a3, 0x30a3, 0x30a3, 0x30a3, 0x30a3, 0x92a3, 0x92a3, 0x92a3, 0x92a3, 0x92a3, 0x92a3, 0x92a3, 0x92a3, 0x92a3, 0x92a3, 0x92a3, 0x92a3, 0x92a3, 0x92a3, 0x92a3, 0x92a3, 0x92a3, 0x92a3, 0x92a3, 0x92a3, 0x92a3, 0x92a3, 0x92a3, 0x92a3, 0x92a3, 0x92a3, 0x92a3, 0x92a3, 0x30a3, 0x4104, 0x4104, 0x4104, 0x4104, 0x4104, 0x4104, 0x4104, 0x5984, 0x5984, 0x5984, 0x4104, 0x4104, 0x4104, 0x4104, 0x4104, 0x4104, 0x4104, 0x4104, 0x4104, 0x4104, 0x4104, 0x5984, 0x4104, 0x4104, 0x4104, 0x4104, 0x4104, 0x4104, 0x4104, 0x4104, 0x4104, 0x4104, 0x4104, 0x4104, 0x4104, 0x4104, 0x4104, 0x4104, 0x4104, 0x4104, 0x4104, 0x4104, 0x4104, 0x4104, 0x4104, 0x4104, 0x30a3, 0x30a3, 0x30a3, 0x38a3, 0x92a4, 0x92a3, 0x92a3, 0x92a3, 0x92a3},
		{0x30a3, 0x28a3, 0x30a3, 0x30a3, 0x30a3, 0x30a3, 0x92a3, 0x92a3, 0x92a3, 0x92a3, 0x92a3, 0x92a3, 0x92a3, 0x92a3, 0x30a3, 0x30a3, 0xf7de, 0x28a3, 0x28a3, 0x30a3, 0x30a3, 0x92a3, 0x92a3, 0x92a3, 0x92a3, 0x92a3, 0x92a3, 0x92a3, 0x92a3, 0x92a3, 0x92a3, 0x92a3, 0x92a3, 0x92a3, 0x92a3, 0x92a3, 0x92a3, 0x92a3, 0x30a3, 0x30a3, 0x30a3, 0x30a3, 0x30a3, 0x30a3, 0x92a3, 0x92a3, 0x92a3, 0x92a3, 0x92a3, 0x92a3, 0x92a3, 0x92a3, 0x92a3, 0x92a3, 0x92a3, 0x92a3, 0x92a3, 0x92a3, 0x92a3, 0x92a3, 0x92a3, 0x92a3, 0x92a3, 0x92a3, 0x92a3, 0x92a3, 0x92a3, 0x92a3, 0x92a3, 0x92a3, 0x92a3, 0x92a3, 0x30a3, 0x4104, 0x4104, 0x4104, 0x4104, 0x5984, 0x5984, 0x59a4, 0x59a3, 0x5983, 0x59a3, 0x5984, 0x5984, 0x4104, 0x4104, 0x4104, 0x4104, 0x4104, 0x4104, 0x5984, 0x59a4, 0x5984, 0x5983, 0x5984, 0x5983, 0x5984, 0x4104, 0x4104, 0x4104, 0x4104, 0x4104, 0x4104, 0x4104, 0x4104, 0x4104, 0x4104, 0x4104, 0x4104, 0x4104, 0x4104, 0x4104, 0x4104, 0x4104, 0x4104, 0x4104, 0x4104, 0x30a3, 0x3083, 0x30a3, 0x30a3, 0x28a3, 0x30a3, 0x30a3, 0x9284, 0x92a3, 0x92a3},
		{0x30a3, 0x30a3, 0x28a3, 0x30a3, 0x28a3, 0x30a3, 0x92a3, 0x92a3, 0x92a3, 0x92a3, 0x92a3, 0x92a3, 0x92a3, 0x92a3, 0x30a3, 0x30a3, 0x30a3, 0x28a3, 0xf7de, 0x28a3, 0x30a3, 0x92a3, 0x92a3, 0x92a3, 0x92a3, 0x92a3, 0x92a3, 0x92a3, 0x92a3, 0x92a3, 0x92a3, 0x92a3, 0x92a3, 0x92a3, 0x92a3, 0x92a3, 0x92a3, 0x92a3, 0x30a3, 0x30a3, 0x28a3, 0x30a3, 0x30a3, 0x30a3, 0x92a3, 0x92a3, 0x92a3, 0x92a3, 0x92a3, 0x92a3, 0x92a3, 0x92a3, 0x92a3, 0x92a3, 0x92a3, 0x92a3, 0x92a3, 0x92a3, 0x92a3, 0x92a3, 0x92a3, 0x92a3, 0x92a3, 0x92a3, 0x92a3, 0x92a3, 0x92a3, 0x92a3, 0x92a3, 0x92a3, 0x92a3, 0x92a4, 0x30a3, 0x4104, 0x4104, 0x5984, 0x5984, 0x59a3, 0x5983, 0x59a3, 0x59a3, 0x5984, 0x59a4, 0x59a3, 0x59a3, 0x5984, 0x5984, 0x5984, 0x5984, 0x5984, 0x5984, 0x59a3, 0x59a3, 0x5983, 0x5983, 0x5983, 0x5984, 0x5983, 0x5984, 0x5984, 0x5984, 0x5984, 0x5984, 0x5984, 0x5984, 0x5984, 0x5984, 0x4104, 0x4104, 0x4104, 0x4104, 0x4104, 0x4104, 0x4104, 0x4104, 0x4104, 0x4104, 0x30a3, 0x30a3, 0x30a3, 0x30a3, 0x30a3, 0x30a3, 0x30a3, 0x30a3, 0x30a3, 0x92a4, 0x92a3},
		{0x28a3, 0x30a3, 0xf7de, 0x28a3, 0xf7de, 0x30a3, 0x92a3, 0x92a4, 0x92a4, 0x92a4, 0x92a4, 0x92a4, 0x92a3, 0x92a4, 0x30a3, 0x30a3, 0x28a3, 0x30a3, 0x30a3, 0x28a3, 0x30a3, 0x92a4, 0x92a3, 0x92a3, 0x92a3, 0x92a3, 0x92a3, 0x92a3, 0x92a3, 0x92a3, 0x92a3, 0x92a3, 0x92a3, 0x92a3, 0x92a3, 0x92a3, 0x92a3, 0x92a3, 0x30a3, 0x28a3, 0xf7de, 0x28a3, 0x30a4, 0x30a3, 0x92a3, 0x92a3, 0x92a3, 0x92a3, 0x92a3, 0x92a3, 0x92a3, 0x92a3, 0x92a3, 0x92a3, 0x92a3, 0x92a3, 0x92a3, 0x92a3, 0x92a3, 0x92a3, 0x92a3, 0x92a3, 0x92a3, 0x92a3, 0x92a3, 0x92a3, 0x92a3, 0x92a3, 0x92a3, 0x92a3, 0x92a3, 0x30a3, 0x5984, 0x4104, 0x5984, 0x59a3, 0x59a3, 0x59a3, 0x59a3, 0x5984, 0x5984, 0x30a3, 0x30a3, 0x5984, 0x5983, 0x59a3, 0x59a3, 0x59a3, 0x59a3, 0x59a3, 0x5983, 0x5983, 0x5984, 0x30a3, 0x30a3, 0x30a3, 0x30a3, 0x5984, 0x5984, 0x5984, 0x5984, 0x5984, 0x61a3, 0x59a3, 0x59a3, 0x61a3, 0x5984, 0x5984, 0x5984, 0x4104, 0x4104, 0x4104, 0x4104, 0x4104, 0x4104, 0x30a3, 0x30a3, 0x3083, 0x30a3, 0x30a3, 0x30a3, 0x30a3, 0x30a3, 0x30a3, 0x30a3, 0x30a3, 0x30a3, 0x92a4},
		{0xf7de, 0x28a3, 0x28a3, 0x30a3, 0x28a3, 0x30a3, 0x92a4, 0x30a3, 0x30a3, 0x30a3, 0x30a3, 0x30a3, 0x30a3, 0x30a3, 0x30a3, 0x30a3, 0xf7de, 0x28a3, 0x28a3, 0xf7de, 0x30a3, 0x92a3, 0x92a3, 0x92a3, 0x92a3, 0x92a3, 0x92a3, 0x92a3, 0x92a3, 0x92a3, 0x92a3, 0x92a3, 0x9aa3, 0x92a3, 0x92a3, 0x92a3, 0x92a3, 0x92a3, 0x30a3, 0x28a3, 0x28a3, 0x30a3, 0x30a3, 0x30a3, 0x92a4, 0x92a3, 0x92a3, 0x92a3, 0x92a3, 0x92a3, 0x92a3, 0x92a3, 0x92a3, 0x92a3, 0x92a3, 0x92a3, 0x92a3, 0x92a3, 0x92a3, 0x92a3, 0x92a3, 0x92a3, 0x92a3, 0x92a3, 0x92a3, 0x92a3, 0x92a3, 0x92a3, 0x92a3, 0x92a3, 0x92a4, 0x30a3, 0x59a4, 0x5984, 0x61a3, 0x61a3, 0x5983, 0x5984, 0x5984, 0x30a3, 0x30a3, 0x30a3, 0x30a3, 0x30a3, 0x5984, 0x5983, 0x5983, 0x5983, 0x5984, 0x5984, 0x59a4, 0x5984, 0x30a3, 0x30a3, 0x30a3, 0x30a3, 0x30a3, 0x30a3, 0x30a3, 0x30a3, 0x30a3, 0x30a3, 0x5984, 0x5983, 0x5983, 0x5984, 0x30a3, 0x30a3, 0x30a3, 0x30a3, 0x30a3, 0x30a3, 0x30a3, 0x28a3, 0x30a3, 0x30a3, 0x30a3, 0x30a3, 0x30a3, 0x30a3, 0x30a3, 0x30a3, 0x30a3, 0x30a3, 0x30a3, 0x30a3, 0x30a3, 0x30a3},
		{0x28a3, 0x30a3, 0x28a3, 0x30a3, 0x30a3, 0x28a3, 0x30a3, 0x30a3, 0x30a3, 0x28a3, 0x30a3, 0x30a3, 0x28a3, 0x30a3, 0x30a3, 0x30a3, 0x28a3, 0xf7de, 0x28a3, 0x28a3, 0x30a3, 0x92a4, 0x92a3, 0x92a3, 0x92a3, 0x92a3, 0x92a3, 0x92a3, 0x92a3, 0x92a3, 0x92a3, 0x92a3, 0xcc81, 0x9aa3, 0x92a3, 0x92a3, 0x92a3, 0x92a3, 0x30a3, 0xf7de, 0x28a3, 0x28a3, 0x30a3, 0x30a3, 0x30a3, 0x30a3, 0x30a3, 0x30a3, 0x92a3, 0x92a3, 0x92a3, 0x92a3, 0x92a4, 0x30a3, 0x30a3, 0x30a3, 0x30a3, 0x30a3, 0x30a3, 0x30a3, 0x30a3, 0x30a3, 0x30a3, 0x30a3, 0x30a3, 0x30a3, 0x30a3, 0x92a4, 0x92a3, 0x92a3, 0x92a4, 0x30a3, 0x30a3, 0x30a3, 0x92a3, 0x92a3, 0x6183, 0x4104, 0x92a3, 0x92a3, 0x92a4, 0x4104, 0x4104, 0x4104, 0x4104, 0x4104, 0x4104, 0x5984, 0x4104, 0x4104, 0x4104, 0x4104, 0x4104, 0x4104, 0x4104, 0x4104, 0x4104, 0x4104, 0x4104, 0x4104, 0x4104, 0x4104, 0x4104, 0x4104, 0x5984, 0x4104, 0x4104, 0x4104, 0x4104, 0x4104, 0x4104, 0x5984, 0x5984, 0x4104, 0x30a3, 0x30a3, 0x30a3, 0x30a3, 0x30a3, 0x30a3, 0x30a3, 0x30a3, 0x30a3, 0x30a3, 0x30a3, 0x30a3, 0x30a3, 0x30a3},
		{0x30a3, 0x30a3, 0xf7de, 0x28a3, 0x30a3, 0x30a3, 0x30a3, 0x30a3, 0x28a3, 0xf7de, 0x28a3, 0x28a3, 0xf7de, 0x28a3, 0x30a3, 0x30a3, 0x30a3, 0x28a3, 0xf7de, 0x28a3, 0x30a3, 0x92a4, 0x92a3, 0x92a3, 0x92a3, 0x92a3, 0x92a3, 0x92a3, 0x92a3, 0x92a3, 0x92a3, 0x92a3, 0x9aa3, 0x92a3, 0x92a3, 0x92a3, 0x92a3, 0x92a3, 0x30a3, 0x28a3, 0x28a3, 0xf7de, 0x30a3, 0x30a3, 0x30a3, 0x30a3, 0x30a3, 0x30a3, 0x92a3, 0x92a3, 0x92a3, 0x92a3, 0x30a3, 0x30a3, 0x30a3, 0x30a3, 0x30a3, 0x30a3, 0x30a3, 0x30a3, 0x30a3, 0x30a3, 0x28a3, 0x30a3, 0x30a3, 0x30a3, 0x30a3, 0x92a3, 0x92a3, 0x92a3, 0x92a4, 0x30a3, 0x30a3, 0x30a3, 0x92a3, 0x92a3, 0x5983, 0x4104, 0x92a3, 0x92a3, 0x92a3, 0x4904, 0x4104, 0x4104, 0x4104, 0x4104, 0x4104, 0x5984, 0x4104, 0x4104, 0x4104, 0x4104, 0x4104, 0x4104, 0x4104, 0x4104, 0x4104, 0x4104, 0x4104, 0x4104, 0x4104, 0x4104, 0x4104, 0x4104, 0x59a4, 0x4104, 0x4104, 0x4104, 0x4104, 0x4104, 0x4104, 0x59a4, 0x5984, 0x4104, 0x30a3, 0x30a3, 0x30a3, 0x30a3, 0x30a3, 0x30a3, 0x30a3, 0x30a3, 0x30a3, 0x30a3, 0x30a3, 0x30a3, 0x30a3, 0x30a3},
		{0x30a3, 0x30a3, 0x28a3, 0x30a3, 0x30a3, 0x28a3, 0xf7de, 0x28a3, 0x30a3, 0x28a3, 0x30a3, 0x28a3, 0x28a3, 0x30a3, 0x30a3, 0x30a3, 0x30a3, 0x30a3, 0x28a3, 0x30a3, 0x30a3, 0x92a4, 0x92a4, 0x92a4, 0x92a4, 0x92a4, 0x92a4, 0x92a4, 0x92a4, 0x92a3, 0x92a3, 0x92a3, 0x92a3, 0x92a3, 0x92a3, 0x92a3, 0x92a3, 0x92a3, 0x30a3, 0x30a3, 0x30a3, 0x28a3, 0x30a3, 0x30a3, 0x30a3, 0x28a3, 0x30a3, 0x30a3, 0x92a3, 0x92a3, 0x92a3, 0x92a3, 0x30a3, 0x28a3, 0x28a3, 0xf7de, 0x28a3, 0x30a3, 0x30a3, 0x28a3, 0x30a3, 0x30a3, 0xf7de, 0x30a3, 0x30a3, 0x30a3, 0x30a3, 0x8aa4, 0x30a3, 0x30a3, 0x30a3, 0x3083, 0x30a3, 0x30a3, 0xd480, 0xd480, 0x59a3, 0x4124, 0xd480, 0xd4a0, 0xd480, 0x92a3, 0x4124, 0x4104, 0x4104, 0x8aa4, 0x4104, 0x5984, 0x92a3, 0x92a3, 0x92a3, 0x92a3, 0x92a3, 0x92a3, 0x92a4, 0x61a3, 0x5984, 0x4104, 0x4104, 0x4104, 0x5984, 0x4104, 0x5984, 0x4104, 0x59a3, 0x5984, 0x4104, 0x4104, 0x4104, 0x4104, 0x5984, 0x5983, 0x5984, 0x4104, 0x4104, 0x4104, 0x4104, 0x30a3, 0x30a3, 0x30a3, 0x4104, 0x4104, 0x4104, 0x4104, 0x4104, 0x4104, 0x4104, 0x30a3},
		{0x28a3, 0xf7de, 0x28a3, 0xf7de, 0x28a3, 0x30a3, 0x30a3, 0x28a3, 0x30a3, 0x28a3, 0x28a3, 0xf7de, 0x28a3, 0x30a3, 0x30a3, 0x30a3, 0x30a3, 0x30a3, 0x30a3, 0x30a3, 0x30a3, 0x30a3, 0x30a3, 0x30a3, 0x30a3, 0x30a3, 0x30a3, 0x30a3, 0x30a3, 0x92a3, 0x92a3, 0x92a3, 0x92a3, 0x92a3, 0x92a3, 0x92a3, 0x92a3, 0x92a3, 0x30a3, 0x30a3, 0x30a3, 0x30a3, 0x30a3, 0x30a3, 0x28a3, 0xf7de, 0x28a3, 0x30a3, 0x92a3, 0x92a3, 0x92a3, 0x92a3, 0x30a3, 0xf7de, 0x28a3, 0x28a3, 0x30a3, 0x30a3, 0x28a3, 0xf7de, 0x28a3, 0x30a3, 0x30a3, 0x30a3, 0x30a3, 0x30a3, 0x30a3, 0x30a3, 0x5984, 0x5984, 0x5984, 0x30a3, 0x30a3, 0x30a3, 0xd4a0, 0xd4a0, 0x59a3, 0x4123, 0xd4a0, 0xd4a0, 0xd480, 0x61a2, 0x92a4, 0x5983, 0x4104, 0x61a3, 0x4104, 0x5983, 0x92a3, 0x92a3, 0x92a3, 0x92a3, 0x92a3, 0x92a3, 0x92a3, 0x92a3, 0x61a3, 0x5984, 0x4104, 0x4104, 0x4104, 0x5984, 0x5984, 0x4104, 0x59a3, 0x59a3, 0x5984, 0x4104, 0x5984, 0x59a3, 0x5983, 0x59a3, 0x5984, 0x4104, 0x4104, 0x4104, 0x4104, 0x4104, 0x30a3, 0x30a3, 0x4104, 0x4104, 0x4104, 0x4104, 0x4104, 0x4104, 0x4104, 0x4104},
		{0x30a3, 0x28a3, 0x30a3, 0x28a3, 0x30a3, 0x30a3, 0x28a3, 0xf7de, 0x28a3, 0xf7de, 0x28a3, 0x28a3, 0x30a3, 0x30a3, 0x30a3, 0x30a3, 0x30a3, 0x30a3, 0x30a3, 0x30a3, 0x3084, 0x28a3, 0xf7de, 0x28a3, 0x28a3, 0xf7de, 0x28a3, 0x30a3, 0x30a3, 0x9284, 0x92a4, 0x92a4, 0x92a4, 0x92a4, 0x92a4, 0x92a4, 0x92a4, 0x92a4, 0x30a3, 0x30a3, 0x30a3, 0x30a3, 0x30a3, 0x30a3, 0x30a3, 0x28a3, 0x30a3, 0x30a3, 0x92a4, 0x92a4, 0x92a4, 0x92a4, 0x30a3, 0x28a3, 0x30a3, 0x30a3, 0x30a3, 0x30a3, 0x30a3, 0x28a3, 0x30a3, 0x30a3, 0x30a3, 0x30a3, 0x5984, 0x5984, 0x5983, 0x59a3, 0x5983, 0x6183, 0x5984, 0x30a3, 0x30a3, 0x30a3, 0xd480, 0xd4a0, 0x61a3, 0x4123, 0xd4a0, 0xd4a0, 0xd480, 0x92a3, 0x61a3, 0x4123, 0x92a3, 0x92a4, 0x4104, 0x5984, 0x59a3, 0x4104, 0x5984, 0x61a3, 0x92a3, 0x92a3, 0x92a3, 0x92a3, 0x92a3, 0x92a3, 0x61a3, 0x5984, 0x4104, 0x5983, 0x5984, 0x4104, 0x59a3, 0x61a3, 0x61a3, 0x92a4, 0x61a3, 0x92a4, 0x61a3, 0x5983, 0x5984, 0x4104, 0x4104, 0x4104, 0x4104, 0x4104, 0x4104, 0x30a3, 0x4104, 0x4104, 0x4104, 0x4104, 0x4104, 0x4104, 0x4104, 0x4104},
		{0x30a3, 0x30a3, 0x30a3, 0x30a3, 0x30a3, 0x30a3, 0x30a3, 0x28a3, 0x30a3, 0x30a3, 0x30a3, 0x30a3, 0x30a3, 0x30a3, 0x30a3, 0x30a3, 0x30a3, 0x30a3, 0x30a3, 0x30a3, 0x30a3, 0x30a3, 0x30a3, 0x30a3, 0x30a3, 0x30a3, 0x30a3, 0x30a3, 0x30a3, 0x30a3, 0x30a3, 0x30a3, 0x30a3, 0x30a3, 0x30a3, 0x30a3, 0x30a3, 0x30a3, 0x30a3, 0x30a3, 0x30a3, 0x30a3, 0x30a3, 0x30a3, 0x30a3, 0x30a3, 0x30a3, 0x30a3, 0x30a3, 0x30a3, 0x30a3, 0x30a3, 0x30a3, 0x30a3, 0x30a3, 0x30a3, 0x30a3, 0x30a3, 0x30a3, 0x30a3, 0x30a3, 0x30a3, 0x5984, 0x5984, 0x59a3, 0x59a3, 0x59a3, 0x5983, 0x59a3, 0x5984, 0x30a3, 0x30a3, 0x30a3, 0x30a3, 0x9aa3, 0xd480, 0x59a3, 0x4123, 0xd4a0, 0xd4a0, 0xd480, 0x9aa3, 0x92a4, 0x61a3, 0x92a3, 0x92a3, 0x4104, 0x5984, 0x5984, 0x4104, 0x30a3, 0x5984, 0x92a3, 0x92a3, 0x92a3, 0x92a3, 0x92a3, 0x92a3, 0x92a4, 0x61a3, 0x5983, 0x59a3, 0x5983, 0x4104, 0x61a3, 0x92a4, 0x92a3, 0x92a3, 0x92a3, 0x92a3, 0x92a4, 0x6183, 0x59a3, 0x5984, 0x4104, 0x4104, 0x4104, 0x4104, 0x4104, 0x30a3, 0x4104, 0x4104, 0x4104, 0xf7de, 0xf7de, 0xf7de, 0x4104, 0x4104},
		{0x30a3, 0x30a3, 0x30a3, 0x30a3, 0x30a3, 0x30a3, 0x30a3, 0x30a3, 0x30a3, 0x30a3, 0x30a3, 0x30a3, 0x30a3, 0x30a3, 0x30a3, 0x30a3, 0x30a3, 0x30a3, 0x30a3, 0x30a3, 0x30a3, 0x30a3, 0x30a3, 0x30a3, 0x30a3, 0x30a3, 0x30a3, 0x30a3, 0x30a3, 0x30a3, 0x30a3, 0x30a3, 0x30a3, 0x30a3, 0x30a3, 0x30a3, 0x30a3, 0x30a3, 0x30a3, 0x30a3, 0x30a3, 0x30a3, 0x30a3, 0x30a3, 0x30a3, 0x30a3, 0x30a3, 0x30a3, 0x30a3, 0x30a3, 0x30a3, 0x30a3, 0x30a3, 0x30a3, 0x30a3, 0x30a3, 0x30a3, 0x30a3, 0x30a3, 0x30a3, 0x5984, 0x5983, 0x5983, 0x5983, 0x59a3, 0x59a3, 0x5983, 0x5984, 0x30a3, 0x30a3, 0x30a3, 0x30a3, 0x30a3, 0x30a3, 0x9aa3, 0xcc80, 0x61a3, 0x4123, 0xd4a0, 0xd4a0, 0xd480, 0x9aa3, 0x92a3, 0x61a3, 0x92a3, 0x92a3, 0x4104, 0x5984, 0x4104, 0x4104, 0x4104, 0x4104, 0x92a3, 0x92a3, 0x92a3, 0x92a3, 0x92a3, 0x92a3, 0x92a3, 0x92a3, 0x92a3, 0x92a3, 0x92a4, 0x4104, 0x61a3, 0x92a3, 0x92a3, 0x92a3, 0x92a3, 0x92a3, 0x92a3, 0x61a3, 0x59a3, 0x59a3, 0x5984, 0x4104, 0x4104, 0x4104, 0x4104, 0x30a3, 0x4104, 0x4104, 0x4104, 0xf7de, 0xffff, 0xf7fe, 0x4104, 0x4104},
		{0x30a3, 0x30a3, 0x30a3, 0x30a3, 0x30a3, 0x30a3, 0x30a3, 0x30a3, 0x30a3, 0x30a3, 0x30a3, 0x30a3, 0x30a3, 0x30a3, 0x30a3, 0x30a3, 0x30a3, 0x30a3, 0x30a3, 0x30a3, 0x30a3, 0x30a3, 0x30a3, 0x30a3, 0x30a3, 0x30a3, 0x30a3, 0x30a3, 0x30a3, 0x30a3, 0x30a3, 0x30a3, 0x30a3, 0x30a3, 0x30a3, 0x30a3, 0x30a3, 0x30a3, 0x30a3, 0x30a3, 0x30a3, 0x30a3, 0x30a3, 0x30a3, 0x30a3, 0x30a3, 0x30a3, 0x30a3, 0x30a3, 0x30a3, 0x30a3, 0x30a3, 0x30a3, 0x30a3, 0x30a3, 0x30a3, 0x30a3, 0x30a3, 0x5984, 0x5984, 0x5983, 0x59a3, 0x59a3, 0x59a3, 0x59a3, 0x59a3, 0x5984, 0x30a3, 0x30a3, 0x3083, 0x30a3, 0x30a3, 0x30a3, 0x30a3, 0x92a3, 0xd481, 0x61a3, 0x4123, 0xd4a0, 0xd4a0, 0xd4a0, 0x9aa3, 0x92a3, 0x92a3, 0x92a3, 0x92a3, 0x4104, 0x5984, 0x5984, 0x4104, 0x30a3, 0x30a3, 0x92a3, 0x92a3, 0x92a3, 0x92a3, 0x92a3, 0x92a3, 0x92a3, 0x92a3, 0x92a3, 0x92a3, 0x92a4, 0x4104, 0x61a3, 0x92a3, 0x92a3, 0x92a3, 0x92a3, 0x92a3, 0x92a3, 0x61a3, 0x59a3, 0x59a3, 0x5984, 0x4104, 0x4104, 0x4104, 0x4104, 0x30a3, 0x4104, 0x4104, 0x4104, 0xf7de, 0xf7de, 0xf7de, 0x4104, 0x4104},
		{0x30a3, 0x30a3, 0x30a3, 0x30a3, 0x30a3, 0x30a3, 0x30a3, 0x30a3, 0x30a3, 0x30a3, 0x30a3, 0x30a3, 0x30a3, 0x30a3, 0x30a3, 0x30a3, 0x30a3, 0x30a3, 0x30a3, 0x30a3, 0x30a3, 0x30a3, 0x30a3, 0x30a3, 0x30a3, 0x30a3, 0x30a3, 0x30a3, 0x30a3, 0x30a3, 0x30a3, 0x30a3, 0x30a3, 0x30a3, 0x30a3, 0x30a3, 0x30a3, 0x30a3, 0x30a3, 0x30a3, 0x30a3, 0x30a3, 0x30a3, 0x30a3, 0x30a3, 0x30a3, 0x30a3, 0x30a3, 0x30a3, 0x30a3, 0x30a3, 0x30a3, 0x30a3, 0x30a3, 0x3083, 0x30a3, 0x5984, 0x5984, 0x59a3, 0x5983, 0x59a3, 0x59a3, 0x59a3, 0x59a3, 0x6183, 0x5984, 0x30a3, 0x30a3, 0x30a3, 0x30a3, 0x30a3, 0x30a3, 0x30a3, 0x30a3, 0x92a3, 0x92a3, 0x5983, 0x4123, 0xcc81, 0x9ac2, 0xd480, 0x9aa3, 0x92a3, 0x92a3, 0x92a3, 0x92a4, 0x4104, 0x5984, 0x61a3, 0x4104, 0x30a3, 0x30a3, 0x92a3, 0x92a3, 0x92a3, 0x4104, 0x4104, 0x4104, 0x92a3, 0x92a3, 0x92a3, 0x92a3, 0x92a4, 0x4104, 0x61a3, 0x92a3, 0x92a3, 0x92a3, 0x92a3, 0x92a3, 0x92a3, 0x61a3, 0x59a3, 0x59a3, 0x5984, 0x4104, 0x4104, 0x4104, 0x4104, 0x30a3, 0x4104, 0x4104, 0x4104, 0x4104, 0x4104, 0x4104, 0x4104, 0x4104},
		{0x30a3, 0x30a3, 0x30a3, 0x30a3, 0x30a3, 0x30a3, 0x30a3, 0x30a3, 0x30a3, 0x30a3, 0x30a3, 0x30a3, 0x30a3, 0x30a3, 0x30a3, 0x30a3, 0x30a3, 0x30a3, 0x30a3, 0x30a3, 0x30a3, 0x30a3, 0x30a3, 0x30a3, 0x30a3, 0x30a3, 0x30a3, 0x30a3, 0x30a3, 0x30a3, 0x30a3, 0x30a3, 0x30a3, 0x30a3, 0x30a3, 0x30a3, 0x30a3, 0x30a3, 0x30a3, 0x30a3, 0x30a3, 0x30a3, 0x30a3, 0x30a3, 0x30a3, 0x30a3, 0x30a3, 0x30a3, 0x30a3, 0x30a3, 0x30a3, 0x30a3, 0x30a3, 0x30a3, 0x30a3, 0x5984, 0x5984, 0x59a3, 0x59a3, 0x59a3, 0x59a3, 0x59a3, 0x59a3, 0x59a3, 0x5984, 0x30a3, 0x30a3, 0x30a3, 0x30a3, 0x30a3, 0x30a3, 0x30a3, 0x30a3, 0x30a3, 0x92a3, 0x92a3, 0x5983, 0x4104, 0x9aa2, 0xd480, 0xd4a0, 0x9aa3, 0x92a3, 0x92a3, 0x4104, 0x4104, 0x4104, 0x5983, 0x92a3, 0x92a3, 0x92a4, 0x92a4, 0x92a3, 0x92a3, 0x92a3, 0x4104, 0x4104, 0x4104, 0x92a3, 0x92a3, 0x92a3, 0x92a3, 0x92a4, 0x4104, 0x61a3, 0x92a3, 0x92a3, 0x92a3, 0x92a3, 0x92a3, 0x92a3, 0x61a3, 0x59a3, 0x59a3, 0x5984, 0x4104, 0x4104, 0x4104, 0x4104, 0x30a3, 0x4104, 0x4104, 0x4104, 0x4104, 0x4104, 0x4104, 0x4104, 0x4104},
		{0x30a3, 0x30a3, 0x30a3, 0x30a3, 0x30a3, 0x30a3, 0x30a3, 0x30a3, 0x30a3, 0x28a3, 0x30a3, 0x30a3, 0x30a3, 0x30a3, 0x30a3, 0x30a3, 0x30a3, 0x30a3, 0x30a3, 0x30a3, 0x30a3, 0x5984, 0x5984, 0x30a3, 0x30a3, 0x30a3, 0x30a3, 0x30a3, 0x30a3, 0x30a3, 0x28a3, 0x30a3, 0x30a3, 0x30a3, 0x30a3, 0x30a3, 0x30a3, 0x30a3, 0x30a3, 0x30a3, 0x30a3, 0x30a3, 0x30a3, 0x30a3, 0x30a3, 0x30a3, 0x30a3, 0x30a3, 0x30a3, 0x30a3, 0x30a3, 0x30a3, 0x30a3, 0x5984, 0x59a3, 0x59a3, 0x59a3, 0x59a3, 0x59a3, 0x6183, 0x5984, 0x30a3, 0x30a3, 0x30a3, 0x30a3, 0x30a3, 0x30a3, 0x30a3, 0x30a3, 0x30a3, 0x30a3, 0x30a3, 0x30a3, 0x30a3, 0x92a3, 0x9aa3, 0x5983, 0x4104, 0x92a3, 0xd480, 0xd480, 0x9aa3, 0x92a3, 0x92a4, 0x4104, 0x4104, 0x4104, 0x59a3, 0x92a3, 0x92a3, 0x92a3, 0x92a3, 0x92a3, 0x92a3, 0x92a3, 0x4104, 0x4104, 0x4104, 0x92a3, 0x92a3, 0x92a3, 0x92a3, 0x92a4, 0x4104, 0x59a3, 0x92a3, 0x92a4, 0x4104, 0x4104, 0x8aa4, 0x4104, 0x59a4, 0x59a3, 0x59a3, 0x5983, 0x5984, 0x4104, 0x4104, 0x4104, 0x30a3, 0x4104, 0x4104, 0x4104, 0x4104, 0x4104, 0x4104, 0x4104, 0x4104},
		{0x30a3, 0x30a3, 0x5984, 0x5984, 0x5984, 0x5984, 0x5984, 0x30a3, 0x30a3, 0x30a3, 0x5984, 0x5984, 0x5984, 0x30a3, 0x3083, 0x30a3, 0x30a3, 0x3083, 0x30a3, 0x5984, 0x5984, 0x5984, 0x59a3, 0x5984, 0x5984, 0x5984, 0x5984, 0x30a3, 0x2884, 0x3083, 0x30a3, 0x5984, 0x5984, 0x5984, 0x5984, 0x5984, 0x5984, 0x30a3, 0x3083, 0x30a3, 0x5984, 0x5984, 0x5984, 0x5984, 0x5984, 0x30a3, 0x30a3, 0x30a3, 0x30a3, 0x30a3, 0x30a3, 0x30a3, 0x5984, 0x59a3, 0x59a3, 0x59a3, 0x59a3, 0x59a3, 0x59a3, 0x5984, 0x30a3, 0x30a3, 0x30a3, 0x5984, 0x5984, 0x5984, 0x30a3, 0x30a3, 0x30a3, 0x30a3, 0x30a3, 0x30a3, 0x30a3, 0x30a3, 0x92a3, 0xcc81, 0x59a3, 0x4104, 0x92a3, 0xd480, 0xd480, 0x92a3, 0x92a4, 0x4923, 0x4104, 0x4104, 0x4104, 0x5984, 0x92a4, 0x92a3, 0x92a3, 0x92a3, 0x92a3, 0x92a3, 0x92a4, 0x4104, 0x4104, 0x4104, 0x92a4, 0x92a3, 0x92a3, 0x92a3, 0x92a4, 0x4104, 0x59a3, 0x92a4, 0x4104, 0x4104, 0x4104, 0x4104, 0x4104, 0x5984, 0x59a3, 0x5983, 0x5984, 0x4104, 0x4104, 0x4104, 0x4104, 0x30a3, 0x4104, 0x4104, 0x4104, 0x4104, 0x4104, 0x4104, 0x4104, 0x4104},
		{0x59a3, 0x5983, 0x6183, 0x59a3, 0x59a3, 0x59a3, 0x5983, 0x5984, 0x30a3, 0x5984, 0x5984, 0x59a3, 0x59a3, 0x5984, 0x30a3, 0x30a3, 0x30a3, 0x30a3, 0x5984, 0x5983, 0x59a3, 0x59a3, 0x59a3, 0x59a3, 0x59a3, 0x59a3, 0x5983, 0x5984, 0x30a3, 0x30a3, 0x5984, 0x5983, 0x59a3, 0x59a3, 0x59a3, 0x59a3, 0x6183, 0x5984, 0x30a3, 0x5984, 0x59a3, 0x59a3, 0x59a3, 0x59a3, 0x59a3, 0x5984, 0x30a3, 0x30a3, 0x30a3, 0x30a3, 0x30a3, 0x5984, 0x5983, 0x59a3, 0x59a3, 0x59a3, 0x59a3, 0x59a3, 0x59a3, 0x5983, 0x5984, 0x30a3, 0x30a3, 0x5983, 0x59a3, 0x5983, 0x30a3, 0x30a3, 0x30a3, 0x30a3, 0x30a3, 0x30a3, 0x30a3, 0x30a3, 0x30a3, 0x30a3, 0x30a3, 0x30a3, 0x30a3, 0x30a3, 0x30a3, 0x30a3, 0x30a3, 0x30a3, 0x28a3, 0x30a3, 0x30a3, 0x30a3, 0x30a3, 0x30a3, 0x30a3, 0x30a3, 0x30a3, 0x30a3, 0x30a3, 0x30a3, 0x30a3, 0x30a3, 0x30a3, 0x30a3, 0x30a3, 0x30a3, 0x30a3, 0x30a3, 0x30a3, 0x30a3, 0x30a3, 0x28a3, 0x28a3, 0x28a3, 0x30a3, 0x3083, 0x3083, 0x30a3, 0x30a3, 0x30a3, 0x28a3, 0x28a3, 0x28a3, 0x3083, 0x30a3, 0x28a3, 0x28a3, 0x28a3, 0x28a3, 0x28a3, 0x28a3, 0x28a3},
		{0x59a3, 0x59a3, 0x59a3, 0x59a3, 0x59a3, 0x59a3, 0x59a3, 0x59a3, 0x5984, 0x59a3, 0x6183, 0x59a3, 0x61a3, 0x5983, 0x5984, 0x5984, 0x5984, 0x5984, 0x5983, 0x61a3, 0x59a3, 0x59a3, 0x59a3, 0x59a3, 0x59a3, 0x59a3, 0x59a3, 0x5983, 0x5984, 0x5984, 0x5983, 0x59a3, 0x59a3, 0x59a3, 0x59a3, 0x59a3, 0x59a3, 0x5983, 0x5984, 0x5983, 0x59a3, 0x59a3, 0x59a3, 0x59a3, 0x61a3, 0x5983, 0x5984, 0x30a3, 0x30a3, 0x30a3, 0x5984, 0x5983, 0x59a3, 0x59a3, 0x59a3, 0x59a3, 0x59a3, 0x59a3, 0x59a3, 0x59a3, 0x5983, 0x5984, 0x6183, 0x92a4, 0x61a3, 0x5983, 0x5984, 0x30a3, 0x30a3, 0x30a3, 0x30a3, 0x30a3, 0x30a3, 0x30a3, 0x30a3, 0x3083, 0x30a3, 0x28a3, 0x30a3, 0x30a3, 0x30a3, 0x30a3, 0x30a3, 0x30a3, 0x30a3, 0x30a3, 0x30a4, 0x30a3, 0x30a3, 0x30a3, 0x30a3, 0x30a3, 0x30a3, 0x30a3, 0x3083, 0x30a3, 0x4104, 0x30a3, 0x30a3, 0x30a3, 0x30a3, 0x30a3, 0x30a3, 0x30a3, 0x30a3, 0x30a3, 0x30a3, 0x30a3, 0x30a3, 0x30a3, 0x30a3, 0x28a3, 0x28a3, 0x30a3, 0x30a3, 0x30a3, 0x30a3, 0x30a3, 0x30a3, 0x30a3, 0x30a3, 0x30a3, 0x30a3, 0x30a3, 0x30a3, 0x30a3, 0x30a3, 0x30a3},
		{0x59a3, 0x59a3, 0x59a3, 0x59a3, 0x59a3, 0x59a3, 0x59a3, 0x59a3, 0x59a3, 0x59a3, 0x59a3, 0x59a3, 0x59a3, 0x59a3, 0x59a3, 0x59a3, 0x59a3, 0x59a3, 0x59a3, 0x59a3, 0x59a3, 0x59a3, 0x59a3, 0x59a3, 0x59a3, 0x59a3, 0x59a3, 0x59a3, 0x59a3, 0x59a3, 0x59a3, 0x59a3, 0x59a3, 0x59a3, 0x59a3, 0x59a3, 0x59a3, 0x59a3, 0x59a3, 0x59a3, 0x59a3, 0x59a3, 0x59a3, 0x59a3, 0x59a3, 0x6183, 0x5984, 0x30a3, 0x30a3, 0x5984, 0x5983, 0x59a3, 0x59a3, 0x59a3, 0x59a3, 0x59a3, 0x59a3, 0x59a3, 0x59a3, 0x59a3, 0x59a3, 0x59a3, 0x61a3, 0x92a3, 0x92a4, 0x61a3, 0x59a3, 0x30a3, 0x30a3, 0x30a3, 0x30a3, 0x30a3, 0x30a3, 0x30a3, 0x30a3, 0x30a3, 0x30a3, 0x30a3, 0x30a3, 0x30a3, 0x30a3, 0x30a3, 0x30a3, 0x30a3, 0x30a3, 0x30a3, 0x30a3, 0x30a3, 0x30a3, 0x30a3, 0x30a3, 0x30a3, 0x30a3, 0x3083, 0x30a3, 0x4104, 0x30a3, 0x3083, 0x30a3, 0x30a3, 0x30a3, 0x30a3, 0x30a3, 0x30a3, 0x30a3, 0x30a3, 0x30a3, 0x30a3, 0x30a3, 0x30a3, 0x30a3, 0x30a3, 0x30a3, 0x30a3, 0x30a3, 0x30a3, 0x30a3, 0x30a3, 0x30a3, 0x30a3, 0x30a3, 0x30a3, 0x30a3, 0x30a3, 0x30a3, 0x30a3, 0x30a3, 0x30a3},
		{0x59a3, 0x59a3, 0x59a3, 0x59a3, 0x59a3, 0x59a3, 0x59a3, 0x59a3, 0x59a3, 0x59a3, 0x59a3, 0x59a3, 0x59a3, 0x59a3, 0x59a3, 0x59a3, 0x59a3, 0x59a3, 0x5984, 0x5983, 0x59a3, 0x5983, 0x59a3, 0x59a3, 0x59a3, 0x59a3, 0x59a3, 0x59a3, 0x59a3, 0x59a3, 0x59a3, 0x59a3, 0x59a3, 0x59a3, 0x59a3, 0x59a3, 0x59a3, 0x59a3, 0x59a3, 0x59a3, 0x59a3, 0x59a3, 0x59a3, 0x59a3, 0x59a3, 0x5984, 0x30a3, 0x30a3, 0x30a3, 0x5984, 0x59a3, 0x59a3, 0x61a3, 0x5984, 0x61a3, 0x61a3, 0x5983, 0x59a3, 0x59a3, 0x59a3, 0x59a3, 0x61a3, 0x92a4, 0x92a3, 0x92a3, 0x92a4, 0x92a4, 0x92a4, 0x30a3, 0x30a3, 0x30a3, 0x28a3, 0x30a3, 0x30a3, 0x30a3, 0x30a3, 0x30a3, 0x30a3, 0x30a3, 0x30a3, 0x30a3, 0x30a3, 0x30a3, 0x30a3, 0x30a3, 0x30a3, 0x30a3, 0x30a3, 0x30a3, 0x30a3, 0x30a3, 0x30a3, 0x30a3, 0x30a3, 0x4104, 0x4104, 0x30a3, 0x30a3, 0x30a3, 0x30a3, 0x30a3, 0x30a3, 0x30a3, 0x30a3, 0x30a3, 0x30a3, 0x30a3, 0x30a3, 0x30a3, 0x30a3, 0x30a3, 0x5984, 0x5984, 0x30a3, 0x30a3, 0x30a3, 0x30a3, 0x30a3, 0x30a3, 0x30a3, 0x30a3, 0x30a3, 0x30a3, 0x30a3, 0x30a3, 0x30a3, 0x30a3, 0x30a3},
		{0x59a3, 0x59a3, 0x59a3, 0x59a3, 0x59a3, 0x59a3, 0x59a3, 0x59a3, 0x59a3, 0x59a3, 0x59a3, 0x59a3, 0x59a3, 0x59a3, 0x59a3, 0x59a3, 0x59a3, 0x5983, 0x61a3, 0x61a3, 0x61a3, 0x61a3, 0x59a3, 0x59a3, 0x59a3, 0x59a3, 0x59a3, 0x59a3, 0x59a3, 0x59a3, 0x59a3, 0x59a3, 0x59a3, 0x59a3, 0x59a3, 0x59a3, 0x59a3, 0x59a3, 0x59a3, 0x59a3, 0x59a3, 0x59a3, 0x59a3, 0x59a3, 0x5984, 0x30a3, 0x30a3, 0x30a3, 0x5984, 0x59a3, 0x59a3, 0x59a3, 0x59a3, 0x61a3, 0x92a3, 0x92a3, 0x61a3, 0x5983, 0x59a3, 0x59a3, 0x59a3, 0x59a3, 0x61a3, 0x61a3, 0x61a3, 0x61a3, 0x61a3, 0x61a3, 0x5984, 0x5984, 0x5984, 0x30a3, 0x30a3, 0x3083, 0x30a3, 0x30a3, 0x30a3, 0x30a3, 0x30a3, 0x30a3, 0x30a3, 0x30a3, 0x30a3, 0x30a3, 0x30a3, 0x30a3, 0x30a3, 0x30a3, 0x30a3, 0x30a3, 0x30a3, 0x30a3, 0x30a3, 0x4104, 0x4104, 0x30a3, 0x30a3, 0x30a3, 0x30a3, 0x30a3, 0x30a3, 0x30a3, 0x30a3, 0x30a3, 0x30a3, 0x30a3, 0x30a3, 0x30a3, 0x30a3, 0x30a3, 0x5984, 0x6183, 0x6183, 0x5984, 0x30a3, 0x30a3, 0x30a3, 0x30a3, 0x30a3, 0x30a3, 0x30a3, 0x30a3, 0x30a3, 0x30a3, 0x30a3, 0x30a3, 0x30a3, 0x30a3},
		{0x59a3, 0x59a3, 0x6183, 0x59a3, 0x59a3, 0x59a3, 0x59a3, 0x5983, 0x61a3, 0x59a3, 0x59a3, 0x59a3, 0x61a3, 0x5983, 0x5984, 0x59a3, 0x59a3, 0x61a3, 0x92a4, 0x92a3, 0x92a3, 0x92a4, 0x61a3, 0x59a3, 0x59a3, 0x59a3, 0x59a3, 0x59a3, 0x59a3, 0x59a3, 0x59a3, 0x59a3, 0x59a3, 0x59a3, 0x61a3, 0x5983, 0x59a3, 0x6183, 0x61a3, 0x5983, 0x59a3, 0x59a3, 0x59a3, 0x5983, 0x30a3, 0x30a3, 0x30a3, 0x5984, 0x59a3, 0x59a3, 0x59a3, 0x59a3, 0x61a3, 0x92a4, 0x92a3, 0x92a3, 0x92a4, 0x61a3, 0x5983, 0x59a3, 0x59a3, 0x59a3, 0x59a3, 0x59a3, 0x59a3, 0x59a3, 0x59a3, 0x59a3, 0x59a3, 0x5984, 0x61a3, 0x59a3, 0x5984, 0x30a3, 0x30a3, 0x30a3, 0x30a3, 0x30a3, 0x30a3, 0x30a3, 0x30a3, 0x30a3, 0x30a3, 0x30a3, 0x30a3, 0x30a3, 0x30a3, 0x30a3, 0x30a3, 0x30a3, 0x30a3, 0x30a3, 0x4104, 0x4104, 0x30a3, 0x30a3, 0x30a3, 0x30a3, 0x30a3, 0x30a3, 0x30a3, 0x30a3, 0x30a3, 0x30a3, 0x30a3, 0x30a3, 0x30a3, 0x30a3, 0x30a3, 0x30a3, 0x5983, 0x59a3, 0x59a3, 0x5983, 0x30a3, 0x30a3, 0x30a3, 0x30a3, 0x30a3, 0x30a3, 0x30a3, 0x30a3, 0x30a3, 0x30a3, 0x30a3, 0x30a3, 0x30a3, 0x30a3},
		{0x5983, 0x61a3, 0x92a3, 0x61a3, 0x5983, 0x59a3, 0x5983, 0x61a3, 0x92a3, 0x92a3, 0x92a3, 0x92a3, 0x92a4, 0x61a3, 0x61a3, 0x92a3, 0x92a3, 0x92a3, 0x92a3, 0x92a3, 0x92a3, 0x92a3, 0x92a3, 0x61a3, 0x5983, 0x61a3, 0x61a3, 0x61a3, 0x61a3, 0x5983, 0x5983, 0x61a3, 0x92a3, 0x92a3, 0x92a3, 0x61a3, 0x61a3, 0x92a3, 0x92a3, 0x61a3, 0x61a3, 0x59a3, 0x5984, 0x30a3, 0x30a3, 0x30a3, 0x5984, 0x5983, 0x59a3, 0x59a3, 0x59a3, 0x59a3, 0x61a3, 0x92a3, 0x92a3, 0x92a3, 0x92a3, 0x92a3, 0x61a3, 0x59a3, 0x59a3, 0x59a3, 0x59a3, 0x59a3, 0x59a3, 0x59a3, 0x59a3, 0x59a3, 0x5983, 0x61a3, 0x92a4, 0x92a3, 0x61a3, 0x5983, 0x5983, 0x5984, 0x30a3, 0x30a3, 0x30a3, 0x30a3, 0x30a3, 0x30a3, 0x30a3, 0x30a3, 0x30a3, 0x30a3, 0x30a3, 0x30a3, 0x30a3, 0x30a3, 0x30a3, 0x4104, 0x4104, 0x4104, 0x30a3, 0x30a3, 0x30a3, 0x30a3, 0x30a3, 0x30a3, 0x30a3, 0x30a3, 0x30a3, 0x30a3, 0x30a3, 0x30a3, 0x30a3, 0x30a3, 0x30a3, 0x5984, 0x5984, 0x5984, 0x5984, 0x5984, 0x5984, 0x30a3, 0x30a3, 0x30a3, 0x3083, 0x30a3, 0x30a3, 0x30a3, 0x30a3, 0x30a3, 0x30a3, 0x30a3, 0x30a3, 0x30a3},
		{0x61a3, 0x92a4, 0x92a3, 0x92a4, 0x61a3, 0x5983, 0x61a3, 0x92a4, 0x92a3, 0x92a3, 0x92a3, 0x92a3, 0x92a3, 0x92a3, 0x92a4, 0x92a3, 0x92a3, 0x92a3, 0x92a3, 0x92a3, 0x92a3, 0x92a3, 0x92a3, 0x92a3, 0x61a3, 0x92a4, 0x92a3, 0x92a3, 0x92a4, 0x61a3, 0x61a3, 0x92a4, 0x92a3, 0x92a3, 0x92a3, 0x92a3, 0x92a3, 0x92a3, 0x92a3, 0x92a3, 0x92a4, 0x5983, 0x30a3, 0x30a3, 0x5984, 0x30a3, 0x30a3, 0x5984, 0x59a3, 0x59a3, 0x59a3, 0x59a3, 0x61a3, 0x92a3, 0x92a3, 0x92a3, 0x92a3, 0x92a3, 0x61a3, 0x59a3, 0x59a3, 0x59a3, 0x59a3, 0x59a3, 0x59a3, 0x59a3, 0x59a3, 0x59a3, 0x61a3, 0x92a4, 0x92a3, 0x92a3, 0x92a4, 0x61a3, 0x5984, 0x59a3, 0x5984, 0x5984, 0x30a3, 0x30a3, 0x30a3, 0x30a3, 0x30a3, 0x30a3, 0x30a3, 0x30a3, 0x30a3, 0x30a3, 0x30a3, 0x30a3, 0x4104, 0x4104, 0x4104, 0x30a3, 0x30a3, 0x30a3, 0x30a3, 0x30a3, 0x30a3, 0x30a3, 0x30a3, 0x30a3, 0x30a3, 0x30a3, 0x5984, 0x5984, 0x30a3, 0x28a3, 0x30a3, 0x30a3, 0x30a3, 0x30a3, 0x30a3, 0x30a3, 0x30a3, 0x30a3, 0x5984, 0x5984, 0x30a3, 0x3083, 0x30a3, 0x30a3, 0x30a3, 0x30a3, 0x30a3, 0x30a3, 0x30a3, 0x30a3},
		{0x92a3, 0x92a3, 0x92a3, 0x92a3, 0x92a3, 0x61a3, 0x92a3, 0x92a3, 0x92a3, 0x92a4, 0x92a4, 0x92a3, 0x92a3, 0x92a4, 0x4104, 0x4104, 0x4104, 0x92a4, 0x92a3, 0x92a3, 0x92a3, 0x92a3, 0x92a3, 0x92a3, 0x92a3, 0x92a3, 0x92a3, 0x92a3, 0x92a3, 0x92a3, 0x92a3, 0x92a3, 0x92a3, 0x92a3, 0x92a3, 0x92a3, 0x9aa3, 0x92a3, 0x92a3, 0x92a3, 0x8aa4, 0x30a3, 0x3083, 0x30a3, 0x30a3, 0x30a3, 0x5984, 0x59a3, 0x59a3, 0x59a3, 0x59a3, 0x5983, 0x61a3, 0x92a3, 0x92a3, 0x92a3, 0x92a3, 0x92a3, 0x61a3, 0x59a3, 0x59a3, 0x59a3, 0x59a3, 0x59a3, 0x59a3, 0x5983, 0x61a3, 0x61a3, 0x92a3, 0x92a3, 0x92a3, 0x92a3, 0x92a3, 0x61a3, 0x61a3, 0x61a3, 0x5983, 0x59a3, 0x5983, 0x5984, 0x30a3, 0x30a3, 0x30a3, 0x3083, 0x30a3, 0x30a3, 0x30a3, 0x30a3, 0x4104, 0x4104, 0x4104, 0x4104, 0x30a3, 0x30a3, 0x30a3, 0x30a3, 0x30a3, 0x30a3, 0x30a3, 0x30a3, 0x30a3, 0x30a3, 0x30a3, 0x5984, 0x59a3, 0x59a3, 0x5984, 0x30a3, 0x30a3, 0x30a3, 0x30a3, 0x30a3, 0x30a3, 0x30a3, 0x30a3, 0x30a3, 0x5983, 0x59a3, 0x5984, 0x30a3, 0x30a3, 0x30a3, 0x30a3, 0x30a3, 0x30a3, 0x30a3, 0x30a3, 0x30a3},
		{0x92a3, 0x92a3, 0x92a3, 0x92a3, 0x92a3, 0x92a3, 0x92a4, 0x4903, 0x4104, 0x4104, 0x4104, 0x4104, 0x4104, 0x4104, 0x4104, 0x4104, 0x4104, 0x92a4, 0x92a3, 0x92a3, 0x92a3, 0x92a3, 0x92a3, 0x92a3, 0x92a3, 0x92a3, 0x92a3, 0x92a3, 0x92a3, 0x92a3, 0x92a3, 0x92a3, 0x92a3, 0x92a3, 0x92a3, 0x92a3, 0x92a3, 0x92a3, 0x92a3, 0x92a4, 0x30a3, 0x30a3, 0x30a3, 0x30a3, 0x30a3, 0x5984, 0x5983, 0x59a3, 0x59a3, 0x59a3, 0x59a3, 0x61a3, 0x92a4, 0x92a3, 0x92a3, 0x92a3, 0x92a3, 0x92a3, 0x92a4, 0x61a3, 0x59a3, 0x59a3, 0x59a3, 0x59a3, 0x59a3, 0x6183, 0x92a3, 0x92a3, 0x92a3, 0x92a3, 0x92a3, 0x92a3, 0x92a3, 0x92a3, 0x92a3, 0x92a4, 0x61a3, 0x59a3, 0x59a3, 0x59a3, 0x5984, 0x30a3, 0x30a3, 0x30a3, 0x4104, 0x4104, 0x4104, 0x4104, 0x4104, 0x4104, 0x4104, 0x4104, 0x30a3, 0x30a3, 0x30a3, 0x30a3, 0x30a3, 0x30a3, 0x30a3, 0x30a3, 0x30a3, 0x30a3, 0x5984, 0x5983, 0x59a3, 0x59a3, 0x5984, 0x30a3, 0x30a3, 0x30a3, 0x30a3, 0x30a3, 0x30a3, 0x30a3, 0x30a3, 0x5984, 0x5983, 0x59a3, 0x5984, 0x30a3, 0x30a3, 0x30a3, 0x30a3, 0x30a3, 0x30a3, 0x30a3, 0x30a3, 0x30a3},
		{0x92a3, 0x92a3, 0x92a4, 0x4903, 0x4104, 0x4104, 0x4104, 0x4104, 0x4104, 0x4104, 0x4104, 0x4104, 0x30a3, 0x30a3, 0x92a4, 0x92a3, 0x92a3, 0x92a3, 0x92a3, 0x92a3, 0x92a3, 0x92a3, 0x92a3, 0x92a3, 0x92a3, 0x92a3, 0x92a3, 0x92a3, 0x92a3, 0x92a3, 0x92a3, 0x92a3, 0x92a3, 0x92a3, 0x92a3, 0x92a3, 0x92a3, 0x92a4, 0x30a3, 0x30a3, 0x30a3, 0x30a3, 0x30a3, 0x30a3, 0x5984, 0x59a3, 0x59a3, 0x59a3, 0x59a3, 0x59a3, 0x59a3, 0x5983, 0x61a3, 0x61a3, 0x61a3, 0x61a3, 0x61a3, 0x61a3, 0x59a3, 0x59a3, 0x59a3, 0x59a3, 0x59a3, 0x59a3, 0x59a3, 0x5983, 0x59a3, 0x59a3, 0x61a3, 0x5983, 0x61a3, 0x61a3, 0x61a3, 0x6183, 0x5983, 0x5983, 0x5983, 0x6183, 0x5984, 0x5984, 0x30a3, 0x4104, 0x4104, 0x4104, 0x4104, 0x4104, 0x4104, 0x4104, 0x4104, 0x4104, 0x30a3, 0x30a3, 0x3083, 0x30a3, 0x30a3, 0x30a3, 0x30a3, 0x30a3, 0x30a3, 0x30a3, 0x30a3, 0x30a3, 0x5984, 0x59a3, 0x59a3, 0x59a3, 0x5984, 0x30a3, 0x30a3, 0x3083, 0x30a3, 0x30a3, 0x30a3, 0x3083, 0x30a3, 0x5984, 0x59a3, 0x5983, 0x5984, 0x30a3, 0x30a3, 0x30a3, 0x30a3, 0x30a3, 0x30a3, 0x30a3, 0x30a3, 0x30a3},
		{0x92a4, 0x4903, 0x4104, 0x4104, 0x4104, 0x4104, 0x4104, 0x4104, 0x30a3, 0x30a3, 0x30a3, 0x30a3, 0x30a3, 0x9284, 0x92a3, 0x92a3, 0x92a3, 0x92a3, 0x92a3, 0x92a3, 0x92a3, 0x92a3, 0x92a3, 0x92a3, 0x92a3, 0x92a3, 0x92a3, 0x92a3, 0x92a3, 0x92a3, 0x92a3, 0x92a3, 0x92a3, 0x92a3, 0x92a3, 0x92a3, 0x92a4, 0x30a3, 0x30a3, 0x30a3, 0x3083, 0x30a3, 0x30a3, 0x5984, 0x59a3, 0x59a3, 0x59a3, 0x59a3, 0x59a3, 0x59a3, 0x59a3, 0x59a3, 0x59a3, 0x59a3, 0x59a3, 0x59a3, 0x59a3, 0x59a3, 0x59a3, 0x59a3, 0x59a3, 0x59a3, 0x59a3, 0x59a3, 0x59a3, 0x59a3, 0x59a3, 0x59a3, 0x59a3, 0x59a3, 0x59a3, 0x59a3, 0x59a3, 0x59a3, 0x59a3, 0x6183, 0x5984, 0x5984, 0x4104, 0x4104, 0x4104, 0x4104, 0x4104, 0x4104, 0x4104, 0x4104, 0x4104, 0x4104, 0x30a3, 0x30a3, 0x3083, 0x30a3, 0x30a3, 0x30a3, 0x30a3, 0x30a3, 0x30a3, 0x30a3, 0x30a3, 0x30a3, 0x5984, 0x5984, 0x5984, 0x5983, 0x59a3, 0x59a3, 0x5983, 0x5984, 0x5984, 0x30a3, 0x30a3, 0x30a3, 0x30a3, 0x30a3, 0x5984, 0x59a3, 0x59a3, 0x5984, 0x5983, 0x5984, 0x30a3, 0x30a3, 0x30a3, 0x30a3, 0x30a3, 0x30a3, 0x30a3, 0x30a3},
		{0x4104, 0x4104, 0x4104, 0x4104, 0x4104, 0x30a3, 0x30a3, 0x30a3, 0x30a3, 0x30a3, 0x92a4, 0x92a3, 0x92a3, 0x92a3, 0x92a3, 0x92a3, 0x92a3, 0x92a3, 0x92a3, 0x92a3, 0x92a3, 0x92a3, 0x92a3, 0x92a3, 0x92a3, 0x92a3, 0x92a3, 0x92a3, 0x92a3, 0x92a3, 0x92a3, 0x92a3, 0x92a3, 0x92a3, 0x92a4, 0x30a3, 0x30a3, 0x30a3, 0x3083, 0x30a3, 0x30a3, 0x5984, 0x5984, 0x5984, 0x59a3, 0x59a3, 0x59a3, 0x59a3, 0x59a3, 0x59a3, 0x59a3, 0x59a3, 0x59a3, 0x59a3, 0x59a3, 0x59a3, 0x59a3, 0x59a3, 0x59a3, 0x59a3, 0x59a3, 0x59a3, 0x59a3, 0x59a3, 0x59a3, 0x59a3, 0x59a3, 0x59a3, 0x59a3, 0x59a3, 0x59a3, 0x59a3, 0x59a3, 0x59a3, 0x59a3, 0x5984, 0x4104, 0x4104, 0x4104, 0x4104, 0x4104, 0x4104, 0x4104, 0x4104, 0x4104, 0x4104, 0x30a3, 0x30a3, 0x30a3, 0x30a3, 0x30a3, 0x30a3, 0x30a3, 0x30a3, 0x30a3, 0x30a3, 0x30a3, 0x30a3, 0x30a3, 0x3083, 0x30a3, 0x30a3, 0x30a3, 0x30a3, 0x30a3, 0x30a3, 0x30a3, 0x30a3, 0x30a3, 0x30a3, 0x30a3, 0x30a3, 0x30a3, 0x3083, 0x30a3, 0x30a3, 0x30a3, 0x30a3, 0x30a3, 0x30a3, 0x30a3, 0x30a3, 0x30a3, 0x30a3, 0x30a3, 0x30a3, 0x30a3, 0x30a3},
		{0x4104, 0x4104, 0x4104, 0x4104, 0x30a3, 0x30a3, 0x30a3, 0x30a3, 0x30a3, 0x92a4, 0x92a3, 0x92a3, 0x92a3, 0x92a3, 0x92a3, 0x92a3, 0x92a3, 0x92a3, 0x92a3, 0x92a3, 0x92a3, 0x92a3, 0x92a3, 0x92a3, 0x92a3, 0x92a3, 0x92a3, 0x92a3, 0x92a3, 0x92a3, 0x92a3, 0x92a3, 0x92a3, 0x92a4, 0x30a3, 0x30a3, 0x30a3, 0x3084, 0x30a3, 0x5984, 0x5984, 0x30a3, 0x30a3, 0x30a3, 0x5984, 0x59a3, 0x59a3, 0x59a3, 0x59a3, 0x59a3, 0x59a3, 0x59a3, 0x59a3, 0x59a3, 0x59a3, 0x59a3, 0x59a3, 0x59a3, 0x59a3, 0x59a3, 0x59a3, 0x59a3, 0x59a3, 0x59a3, 0x59a3, 0x59a3, 0x59a3, 0x59a3, 0x59a3, 0x59a3, 0x59a3, 0x59a3, 0x59a3, 0x59a3, 0x59a3, 0x5983, 0x5984, 0x4104, 0x4104, 0x4104, 0x4104, 0x4104, 0x4104, 0x5984, 0x5984, 0x5984, 0x5984, 0x5984, 0x5984, 0x30a3, 0x30a3, 0x30a3, 0x30a3, 0x30a3, 0x30a3, 0x30a3, 0x30a3, 0x30a3, 0x30a3, 0x30a3, 0x30a3, 0x30a3, 0x30a3, 0x30a3, 0x30a3, 0x30a3, 0x30a3, 0x30a3, 0x30a3, 0x30a3, 0x30a3, 0x30a3, 0x30a3, 0x30a3, 0x30a3, 0x30a3, 0x30a3, 0x30a3, 0x30a3, 0x30a3, 0x30a3, 0x30a3, 0x30a3, 0x30a3, 0x30a3, 0x30a3, 0x30a3, 0x30a3},
		{0x4104, 0x4104, 0x30a3, 0x30a3, 0x30a3, 0x30a3, 0x30a3, 0x92a4, 0x92a3, 0x92a3, 0x92a3, 0x92a3, 0x9aa3, 0x9aa3, 0x92a3, 0x92a3, 0x92a3, 0x92a3, 0x9aa2, 0xd480, 0x9aa3, 0x92a3, 0x92a3, 0x92a3, 0x92a3, 0x92a3, 0x92a3, 0x92a3, 0x92a3, 0x92a3, 0x92a4, 0x30a3, 0x30a3, 0x30a3, 0x30a3, 0x30a3, 0x30a3, 0x30a3, 0x30a3, 0x30a3, 0x30a3, 0x30a3, 0x30a3, 0x5984, 0x5983, 0x59a3, 0x59a3, 0x59a3, 0x59a3, 0x59a3, 0x59a3, 0x59a3, 0x59a3, 0x59a3, 0x59a3, 0x59a3, 0x59a3, 0x59a3, 0x59a3, 0x59a3, 0x59a3, 0x59a3, 0x59a3, 0x59a3, 0x59a3, 0x59a3, 0x59a3, 0x59a3, 0x59a3, 0x59a3, 0x5983, 0x5984, 0x5984, 0x5984, 0x4104, 0x4104, 0x4104, 0x4104, 0x4104, 0x4104, 0x4104, 0x4104, 0x5984, 0x5983, 0x59a3, 0x59a3, 0x59a3, 0x59a3, 0x59a3, 0x59a3, 0x5984, 0x30a3, 0x30a3, 0x30a3, 0x30a3, 0x30a3, 0x30a3, 0x30a3, 0x30a3, 0x30a3, 0x30a3, 0x30a3, 0x30a3, 0x30a3, 0x30a3, 0x30a3, 0x30a3, 0x30a3, 0x30a3, 0x30a3, 0x30a3, 0x30a3, 0x30a3, 0x30a3, 0x30a3, 0x30a3, 0x30a3, 0x30a3, 0x30a3, 0x30a3, 0x30a3, 0x30a3, 0x30a3, 0x30a3, 0x30a3, 0x30a3, 0x30a3, 0x30a3},
		{0x4104, 0x30a3, 0x3083, 0x30a3, 0x30a3, 0x30a3, 0x30a3, 0x92a4, 0x92a3, 0x92a3, 0x92a3, 0x9aa3, 0xd480, 0xd480, 0x9aa3, 0x92a3, 0x9aa3, 0xd481, 0xd4a0, 0xd4a0, 0xd480, 0x9aa3, 0x92a3, 0x92a3, 0x92a3, 0x92a3, 0x92a3, 0x92a3, 0x92a4, 0x30a3, 0x30a3, 0x30a3, 0x30a3, 0x30a3, 0x30a3, 0x30a3, 0x30a3, 0x30a3, 0x30a3, 0x5984, 0x5984, 0x5984, 0x5984, 0x59a3, 0x59a3, 0x59a3, 0x59a3, 0x59a3, 0x59a3, 0x59a3, 0x59a3, 0x59a3, 0x59a3, 0x59a3, 0x59a3, 0x59a3, 0x59a3, 0x59a3, 0x59a3, 0x59a3, 0x59a3, 0x59a3, 0x59a3, 0x59a3, 0x59a3, 0x59a3, 0x59a3, 0x5983, 0x59a3, 0x5984, 0x5984, 0x4104, 0x4104, 0x5984, 0x5984, 0x5984, 0x4104, 0x4104, 0x4104, 0x30a3, 0x5984, 0x5984, 0x5983, 0x59a3, 0x59a3, 0x59a3, 0x59a3, 0x59a3, 0x59a3, 0x59a3, 0x5983, 0x5984, 0x5984, 0x30a3, 0x30a3, 0x30a3, 0x30a3, 0x30a3, 0x30a3, 0x30a3, 0x30a3, 0x30a3, 0x30a3, 0x30a3, 0x30a3, 0x30a3, 0x30a3, 0x30a3, 0x30a3, 0x30a3, 0x30a3, 0x30a3, 0x30a3, 0x30a3, 0x30a3, 0x30a3, 0x30a3, 0x30a3, 0x30a3, 0x30a3, 0x30a3, 0x30a3, 0x30a3, 0x30a3, 0x30a3, 0x30a3, 0x30a3, 0x30a3},
		{0x4104, 0x30a3, 0x30a3, 0x30a3, 0x30a3, 0x30c2, 0xcc81, 0x9aa3, 0x9aa3, 0x9aa3, 0xd4a0, 0xd4a0, 0xd4a0, 0xd4a0, 0xd4a0, 0xd4a0, 0xd4a0, 0xd4a0, 0xd4a0, 0xd4a0, 0xd4a0, 0xd4a0, 0x9aa3, 0x92a3, 0x92a3, 0x92a4, 0x30a3, 0x30a3, 0x30a3, 0x30a3, 0x30a3, 0x30a3, 0x30a3, 0x30a3, 0x30a3, 0x5984, 0x59a3, 0x59a3, 0x5983, 0x5983, 0x59a3, 0x59a3, 0x59a3, 0x59a3, 0x59a3, 0x59a3, 0x59a3, 0x59a3, 0x59a3, 0x59a3, 0x59a3, 0x59a3, 0x59a3, 0x59a3, 0x59a3, 0x59a3, 0x59a3, 0x59a3, 0x59a3, 0x5984, 0x5984, 0x5983, 0x5983, 0x5983, 0x5983, 0x5984, 0x5984, 0x4104, 0x4104, 0x4104, 0x4104, 0x4104, 0x4104, 0x4104, 0x4104, 0x4104, 0x4104, 0x30a3, 0x30a3, 0x5984, 0x59a3, 0x59a3, 0x59a3, 0x59a3, 0x59a3, 0x59a3, 0x59a3, 0x59a3, 0x59a3, 0x59a3, 0x59a3, 0x59a3, 0x59a3, 0x5984, 0x5983, 0x5984, 0x30a3, 0x30a3, 0x30a3, 0x30a3, 0x30a3, 0x30a3, 0x30a3, 0x30a3, 0x30a3, 0x30a3, 0x30a3, 0x30a3, 0x30a3, 0x30a3, 0x30a3, 0x30a3, 0x30a3, 0x30a3, 0x30a3, 0x30a3, 0x30a3, 0x30a3, 0x30a3, 0x30a3, 0x30a3, 0x30a3, 0x30a3, 0x30a3, 0x30a3, 0x30a3, 0x30a3, 0x30a3},
		{0x30a3, 0x3083, 0x30a3, 0x30a3, 0x30c2, 0xcc81, 0xd4a0, 0x9ac2, 0xd480, 0xd480, 0xd4a0, 0xd4a0, 0xd4a0, 0xd4a0, 0xd4a0, 0xd4a0, 0xd4a0, 0xd4a0, 0xd4a0, 0xd4a0, 0xd4a0, 0xd480, 0x92a3, 0x30a3, 0x30a3, 0x30a3, 0x3083, 0x30a3, 0x30a3, 0x30a3, 0x30a3, 0x30a3, 0x30a3, 0x5984, 0x5984, 0x5983, 0x59a3, 0x61a3, 0x59a3, 0x59a3, 0x59a3, 0x59a3, 0x59a3, 0x59a3, 0x59a3, 0x59a3, 0x59a3, 0x59a3, 0x59a3, 0x59a3, 0x59a3, 0x59a3, 0x59a3, 0x5983, 0x5984, 0x59a4, 0x59a4, 0x59a4, 0x5984, 0x4104, 0x4104, 0x4104, 0x4104, 0x4104, 0x4104, 0x4104, 0x4104, 0x4104, 0x4104, 0x4104, 0x4104, 0x4104, 0x4104, 0x4104, 0x4104, 0x30a3, 0x30a3, 0x5984, 0x5984, 0x5983, 0x59a3, 0x59a3, 0x59a3, 0x59a3, 0x59a3, 0x59a3, 0x59a3, 0x59a3, 0x59a3, 0x59a3, 0x59a3, 0x59a3, 0x5983, 0x5983, 0x59a3, 0x6183, 0x5984, 0x5984, 0x30a3, 0x30a3, 0x30a3, 0x30a4, 0x30a3, 0x30a3, 0x30a3, 0x3083, 0x30a3, 0x30a3, 0x30a3, 0x30a3, 0x30a3, 0x30a3, 0x30a3, 0x30a3, 0x30a3, 0x30a3, 0x30a3, 0x30a3, 0x30a3, 0x30a3, 0x30a3, 0x30a3, 0x30a3, 0x30a3, 0x30a3, 0x30a3, 0x30a3, 0x30a3},
		{0x30a3, 0x30a3, 0x30a3, 0x30a3, 0xcc80, 0xd4a0, 0xd4a0, 0xd4a0, 0xd4a0, 0xd4a0, 0xd4a0, 0xd4a0, 0xd4a0, 0xd4a0, 0xd4a0, 0xd480, 0xcc80, 0xcc81, 0x30a3, 0x30a3, 0x30a3, 0x30a3, 0x30a3, 0x3083, 0x30a3, 0x30a3, 0x30a3, 0x30a3, 0x30a3, 0x30a3, 0x30a3, 0x30a3, 0x30a3, 0x30a3, 0x30a3, 0x5984, 0x59a3, 0x59a3, 0x59a3, 0x59a3, 0x59a3, 0x59a3, 0x59a3, 0x59a3, 0x59a3, 0x59a3, 0x59a3, 0x59a3, 0x59a3, 0x5983, 0x61a3, 0x5984, 0x5984, 0x5984, 0x4104, 0x4104, 0x4104, 0x4104, 0x4104, 0x4104, 0x4104, 0x4104, 0x4104, 0x4104, 0x4104, 0x4104, 0x4104, 0x4104, 0x4104, 0x4104, 0x4104, 0x4104, 0x4104, 0x30a3, 0x5984, 0x59a3, 0x5984, 0x59a3, 0x5983, 0x59a3, 0x59a3, 0x59a3, 0x59a3, 0x59a3, 0x59a3, 0x59a3, 0x59a3, 0x59a3, 0x59a3, 0x59a3, 0x59a3, 0x59a3, 0x59a3, 0x59a3, 0x59a3, 0x59a3, 0x59a3, 0x5983, 0x5983, 0x5984, 0x30a3, 0x30a3, 0x2884, 0x30a3, 0x30a3, 0x30a3, 0x30a3, 0x30a3, 0x30a3, 0x5984, 0x5984, 0x5984, 0x30a3, 0x30a3, 0x28a3, 0x30a3, 0x30a3, 0x30a3, 0x30a3, 0x30a3, 0x30a3, 0x30a3, 0x30a3, 0x30a3, 0x30a3, 0x30a3, 0x30a3, 0x30a3},
		{0x30a3, 0x30a3, 0x30a3, 0x30a3, 0xd4a0, 0xd4a0, 0xd4a0, 0xd4a0, 0xd4a0, 0xd4a0, 0xd4a0, 0xd4a0, 0xd4a0, 0xd4a0, 0xcc81, 0x38c2, 0x30a3, 0x30a3, 0x30a3, 0x30a3, 0x30a3, 0x28a3, 0x30a3, 0x30a3, 0x30a3, 0x30a3, 0x30a3, 0x30a3, 0x30a3, 0x30a3, 0x30a3, 0x30a3, 0x5984, 0x5984, 0x5984, 0x5983, 0x59a3, 0x59a3, 0x59a3, 0x59a3, 0x59a3, 0x59a3, 0x59a3, 0x59a3, 0x59a3, 0x59a3, 0x59a3, 0x5983, 0x5984, 0x59a4, 0x5984, 0x4104, 0x4104, 0x4104, 0x4104, 0x4104, 0x4104, 0x4104, 0x4104, 0x4104, 0x4104, 0x4104, 0x4104, 0x4104, 0x4104, 0x4104, 0x4104, 0x4104, 0x4104, 0x4104, 0x4104, 0x4104, 0x5984, 0x5984, 0x59a3, 0x59a3, 0x59a3, 0x59a3, 0x59a3, 0x59a3, 0x59a3, 0x59a3, 0x59a3, 0x59a3, 0x59a3, 0x59a3, 0x59a3, 0x59a3, 0x59a3, 0x59a3, 0x59a3, 0x59a3, 0x59a3, 0x59a3, 0x59a3, 0x59a3, 0x59a3, 0x59a3, 0x5983, 0x5983, 0x5984, 0x5984, 0x30a3, 0x30a3, 0x30a3, 0x5984, 0x5984, 0x5984, 0x5984, 0x59a3, 0x59a3, 0x59a3, 0x5984, 0x5984, 0x30a3, 0x30a3, 0x30a3, 0x30a3, 0x30a3, 0x30a3, 0x30a3, 0x30a3, 0x30a3, 0x30a3, 0x30a3, 0x30a3, 0x30a3, 0x30a3},
		{0x30a3, 0x30a3, 0x30a3, 0x30a3, 0xd4a0, 0xd4a0, 0xd4a0, 0xd4a0, 0xd4a0, 0xd480, 0xcc80, 0xcc81, 0x38c2, 0xcc61, 0x30a3, 0x30a3, 0x30a3, 0x30a3, 0x30a3, 0x30a3, 0x30a3, 0x3083, 0x30a3, 0x30a3, 0x30a3, 0x30a3, 0x30a3, 0x30a3, 0x30a3, 0x5984, 0x59a3, 0x59a3, 0x59a3, 0x59a3, 0x59a3, 0x59a3, 0x59a3, 0x59a3, 0x59a3, 0x59a3, 0x59a3, 0x59a3, 0x59a3, 0x59a3, 0x59a3, 0x59a3, 0x5983, 0x5984, 0x4104, 0x4104, 0x4104, 0x4104, 0x4104, 0x4104, 0x4104, 0x4104, 0x4104, 0x4104, 0x4104, 0x4104, 0x4104, 0x4104, 0x4104, 0x4104, 0x4104, 0x4104, 0x4104, 0x30a3, 0x30a3, 0x30a3, 0x30a3, 0x5984, 0x5983, 0x59a3, 0x59a3, 0x59a3, 0x59a3, 0x59a3, 0x59a3, 0x59a3, 0x59a3, 0x59a3, 0x59a3, 0x59a3, 0x59a3, 0x59a3, 0x59a3, 0x59a3, 0x59a3, 0x59a3, 0x59a3, 0x59a3, 0x59a3, 0x59a3, 0x59a3, 0x59a3, 0x59a3, 0x59a3, 0x59a3, 0x59a3, 0x59a3, 0x59a3, 0x5984, 0x59a3, 0x5983, 0x59a3, 0x5983, 0x59a3, 0x59a3, 0x59a3, 0x59a3, 0x59a3, 0x59a3, 0x59a3, 0x5983, 0x5984, 0x30a3, 0x30a3, 0x30a3, 0x30a3, 0x30a3, 0x30a3, 0x30a3, 0x30a3, 0x30a3, 0x30a3, 0x30a3, 0x30a3},
		{0x30a3, 0x30a3, 0x30a3, 0x30a3, 0xd4a0, 0xd4a0, 0xd4a0, 0xd4a0, 0xcc81, 0x38c2, 0x30a3, 0x30a3, 0x30a3, 0x30a3, 0x30a3, 0x30a3, 0x30a3, 0x30a3, 0x30a3, 0x30a3, 0x30a3, 0x30a3, 0x5984, 0x5984, 0x5984, 0x5984, 0x5984, 0x5984, 0x5984, 0x5983, 0x59a3, 0x59a3, 0x59a3, 0x59a3, 0x59a3, 0x59a3, 0x59a3, 0x59a3, 0x59a3, 0x59a3, 0x59a3, 0x59a3, 0x59a3, 0x59a3, 0x61a3, 0x5983, 0x5984, 0x4104, 0x4104, 0x4104, 0x4104, 0x4104, 0x4104, 0x4104, 0x4104, 0x5984, 0x5984, 0x5984, 0x5984, 0x5984, 0x5984, 0x4104, 0x4104, 0x4104, 0x5984, 0x5984, 0x5984, 0x5984, 0x5984, 0x5984, 0x5984, 0x5983, 0x59a3, 0x59a3, 0x59a3, 0x59a3, 0x59a3, 0x59a3, 0x59a3, 0x59a3, 0x59a3, 0x59a3, 0x59a3, 0x59a3, 0x59a3, 0x59a3, 0x59a3, 0x59a3, 0x59a3, 0x59a3, 0x59a3, 0x59a3, 0x59a3, 0x59a3, 0x59a3, 0x59a3, 0x59a3, 0x59a3, 0x59a3, 0x59a3, 0x59a3, 0x59a3, 0x59a3, 0x59a3, 0x59a3, 0x59a3, 0x59a3, 0x59a3, 0x59a3, 0x59a3, 0x59a3, 0x59a3, 0x59a3, 0x59a3, 0x59a3, 0x5983, 0x5984, 0x5984, 0x30a3, 0x30a3, 0x30a3, 0x30a3, 0x30a3, 0x30a3, 0x30a3, 0x30a3, 0x30a3, 0x30a3},
		{0x30a3, 0x30a3, 0x30a3, 0x38a2, 0xd4a0, 0xd480, 0xcc80, 0xcc81, 0x30a3, 0x30a3, 0x30a3, 0x30a3, 0x30a3, 0x30a3, 0x30a3, 0x30a3, 0x30a3, 0x30a3, 0x30a3, 0x30a3, 0x30a3, 0x5984, 0x59a3, 0x59a3, 0x59a3, 0x59a3, 0x59a3, 0x59a3, 0x59a3, 0x59a3, 0x59a3, 0x59a3, 0x59a3, 0x59a3, 0x59a3, 0x59a3, 0x59a3, 0x59a3, 0x59a3, 0x59a3, 0x59a3, 0x59a3, 0x59a3, 0x59a3, 0x6183, 0x5984, 0x4104, 0x4104, 0x4104, 0x4104, 0x4104, 0x4104, 0x4104, 0x4104, 0x4104, 0x4104, 0x5984, 0x59a3, 0x59a3, 0x59a3, 0x5983, 0x5984, 0x59a3, 0x59a3, 0x59a3, 0x59a3, 0x59a3, 0x59a3, 0x59a3, 0x59a3, 0x59a3, 0x59a3, 0x59a3, 0x59a3, 0x59a3, 0x59a3, 0x59a3, 0x59a3, 0x59a3, 0x59a3, 0x59a3, 0x59a3, 0x59a3, 0x59a3, 0x59a3, 0x59a3, 0x59a3, 0x59a3, 0x59a3, 0x59a3, 0x59a3, 0x59a3, 0x59a3, 0x59a3, 0x59a3, 0x59a3, 0x59a3, 0x59a3, 0x59a3, 0x59a3, 0x59a3, 0x59a3, 0x59a3, 0x59a3, 0x59a3, 0x59a3, 0x59a3, 0x59a3, 0x59a3, 0x59a3, 0x59a3, 0x59a3, 0x59a3, 0x59a3, 0x59a3, 0x59a3, 0x59a3, 0x59a3, 0x5984, 0x5984, 0x30a3, 0x30a3, 0x30a3, 0x30a3, 0x30a3, 0x30a3, 0x30a3, 0x30a3},
		{0x30a3, 0x30a3, 0x30a3, 0xcc81, 0xcc81, 0x38c2, 0x30a3, 0x30a3, 0x30a3, 0x30a3, 0x30a3, 0x30a3, 0x30a3, 0x30a3, 0x30a3, 0x30a3, 0x30a3, 0x30a3, 0x30a3, 0x30a3, 0x1021, 0x2081, 0x2081, 0x2081, 0x2081, 0x2081, 0x2081, 0x2081, 0x2081, 0x2081, 0x2081, 0x2081, 0x2081, 0x2081, 0x2081, 0x2081, 0x2081, 0x2081, 0x2081, 0x2081, 0x2081, 0x2081, 0x2081, 0x2081, 0x1881, 0x1841, 0x1041, 0x1041, 0x1041, 0x1041, 0x1041, 0x1041, 0x1041, 0x1881, 0x1881, 0x1881, 0x1881, 0x2081, 0x2081, 0x2081, 0x2081, 0x2081, 0x2081, 0x2081, 0x2081, 0x2081, 0x2081, 0x2081, 0x2081, 0x2081, 0x2081, 0x2081, 0x2081, 0x2081, 0x2081, 0x2081, 0x2081, 0x2081, 0x2081, 0x2081, 0x2081, 0x2081, 0x2081, 0x2081, 0x2081, 0x2081, 0x2081, 0x2081, 0x2081, 0x2081, 0x2081, 0x2081, 0x2081, 0x2081, 0x2081, 0x2081, 0x2081, 0x2081, 0x2081, 0x2081, 0x2081, 0x2081, 0x2081, 0x2081, 0x2081, 0x2081, 0x2081, 0x2081, 0x5183, 0x59a3, 0x59a3, 0x59a3, 0x59a3, 0x59a3, 0x59a3, 0x59a3, 0x59a3, 0x59a3, 0x59a3, 0x59a3, 0x5984, 0x5984, 0x30a3, 0x30a3, 0x30a3, 0x30a3, 0x30a3, 0x30a3},
		{0x30a3, 0x30a3, 0x30a3, 0xcc81, 0x30a3, 0x30a3, 0x30a3, 0x30a3, 0x3083, 0x30a3, 0x30a3, 0x30a3, 0x30a3, 0x5984, 0x5984, 0x5984, 0x5984, 0x5984, 0x5984, 0x5984, 0x0000, 0x0000, 0x0000, 0x0000, 0x0000, 0x0000, 0x0000, 0x0000, 0x0000, 0x0000, 0x0000, 0x0000, 0x0000, 0x0000, 0x0000, 0x0000, 0x0000, 0x0000, 0x0000, 0x0000, 0x0000, 0x0000, 0x0000, 0x0000, 0x0000, 0x0000, 0x0000, 0x0000, 0x0000, 0x0000, 0x0000, 0x0000, 0x0000, 0x0000, 0x0000, 0x0000, 0x0000, 0x0000, 0x0000, 0x0000, 0x0000, 0x0000, 0x0000, 0x0000, 0x0000, 0x0000, 0x0000, 0x0000, 0x0000, 0x0000, 0x0000, 0x0000, 0x0000, 0x0000, 0x0000, 0x0000, 0x0000, 0x0000, 0x0000, 0x0000, 0x0000, 0x0000, 0x0000, 0x0000, 0x0000, 0x0000, 0x0000, 0x0000, 0x0000, 0x0000, 0x0000, 0x0000, 0x0000, 0x0000, 0x0000, 0x0000, 0x0000, 0x0000, 0x0000, 0x0000, 0x0000, 0x0000, 0x0000, 0x0000, 0x0000, 0x0000, 0x0000, 0x0000, 0x5163, 0x59a3, 0x59a3, 0x59a3, 0x59a3, 0x59a3, 0x59a3, 0x59a3, 0x59a3, 0x59a3, 0x59a3, 0x5983, 0x59a3, 0x59a3, 0x5984, 0x5984, 0x30a3, 0x30a3, 0x30a3, 0x30a3},
		{0x30a3, 0x3083, 0x30a3, 0x30a3, 0x30a3, 0x30a3, 0x5984, 0x30a3, 0x30a3, 0x5984, 0x5984, 0x5984, 0x5984, 0x5983, 0x59a3, 0x59a3, 0x59a3, 0x59a3, 0x59a3, 0x5984, 0x0000, 0x0000, 0x0000, 0x0000, 0x0000, 0x0000, 0x0000, 0x0000, 0x0000, 0x0000, 0x0000, 0x0000, 0x0000, 0x0000, 0x0000, 0x0000, 0x0000, 0x0000, 0x0000, 0x0000, 0x0000, 0x0000, 0x0000, 0x0000, 0x0000, 0x0000, 0x0000, 0x0000, 0x0000, 0x0000, 0x0000, 0x0000, 0x0000, 0x0000, 0x0000, 0x0000, 0x0000, 0x0000, 0x0000, 0x0000, 0x0000, 0x0000, 0x0000, 0x0000, 0x0000, 0x0000, 0x0000, 0x0000, 0x0000, 0x0000, 0x0000, 0x0000, 0x0000, 0x0000, 0x0000, 0x0000, 0x0000, 0x0000, 0x0000, 0x0000, 0x0000, 0x0000, 0x0000, 0x0000, 0x0000, 0x0000, 0x0000, 0x0000, 0x0000, 0x0000, 0x0000, 0x0000, 0x0000, 0x0000, 0x0000, 0x0000, 0x0000, 0x0000, 0x0000, 0x0000, 0x0000, 0x0000, 0x0000, 0x0000, 0x0000, 0x0000, 0x0000, 0x0000, 0x5163, 0x59a3, 0x59a3, 0x59a3, 0x59a3, 0x59a3, 0x59a3, 0x59a3, 0x59a3, 0x59a3, 0x59a3, 0x59a3, 0x59a3, 0x59a3, 0x5983, 0x5983, 0x5984, 0x5984, 0x5984, 0x5984},
		{0x30a3, 0x3083, 0x30a3, 0x5984, 0x5983, 0x5983, 0x5983, 0x5983, 0x5983, 0x5983, 0x5984, 0x5984, 0x4104, 0x4104, 0x4104, 0x4104, 0x4104, 0x4104, 0x4104, 0x4104, 0x0000, 0x0000, 0x0000, 0x0000, 0x0000, 0x0000, 0x0000, 0x0000, 0x0000, 0x0000, 0x0000, 0x0000, 0x0000, 0x0000, 0x0000, 0x0000, 0x0000, 0x0000, 0x0000, 0x0000, 0x0000, 0x0000, 0x0000, 0x0000, 0x0000, 0x0000, 0x0000, 0x0000, 0x0000, 0x0000, 0x0000, 0x0000, 0x0000, 0x0000, 0x0000, 0x0000, 0x0000, 0x0000, 0x0000, 0x0000, 0x0000, 0x0000, 0x0000, 0x0000, 0x0000, 0x0000, 0x0000, 0x0000, 0x0000, 0x0000, 0x0000, 0x0000, 0x0000, 0x0000, 0x0000, 0x0000, 0x0000, 0x0000, 0x0000, 0x0000, 0x0000, 0x0000, 0x0000, 0x0000, 0x0000, 0x0000, 0x0000, 0x0000, 0x0000, 0x0000, 0x0000, 0x0000, 0x0000, 0x0000, 0x0000, 0x0000, 0x0000, 0x0000, 0x0000, 0x0000, 0x0000, 0x0000, 0x0000, 0x0000, 0x0000, 0x0000, 0x0000, 0x0000, 0x5163, 0x59a3, 0x59a3, 0x59a3, 0x59a3, 0x59a3, 0x59a3, 0x59a3, 0x59a3, 0x59a3, 0x59a3, 0x59a3, 0x59a3, 0x59a3, 0x5983, 0x5983, 0x5983, 0x5983, 0x5983, 0x5983},
		{0x30a3, 0x30a3, 0x30a3, 0x59a4, 0x59a3, 0x59a3, 0x5983, 0x5983, 0x5984, 0x5984, 0x4104, 0x4104, 0x4104, 0x4104, 0x4104, 0x4104, 0x4104, 0x4104, 0x4104, 0x4104, 0x0000, 0x0000, 0x0000, 0x0000, 0x0000, 0x0000, 0x0000, 0x0000, 0x0000, 0x0000, 0x0000, 0x0000, 0x0000, 0x0000, 0x2945, 0x6b4d, 0x94d2, 0xb5b6, 0xb5b6, 0x8c71, 0x2124, 0x0000, 0x0000, 0x0000, 0x0000, 0x0000, 0x0000, 0x18c3, 0x5aeb, 0x8c71, 0xa534, 0x9cf3, 0x6b4d, 0x0841, 0x0000, 0x0000, 0x0000, 0x0000, 0x0000, 0x0000, 0x1082, 0x4a89, 0x8430, 0x9d13, 0xa514, 0x73ce, 0x18c3, 0x0000, 0x0000, 0x0000, 0x0000, 0x0000, 0x0000, 0x0020, 0x4228, 0x7bcf, 0x9cf3, 0xa534, 0x8430, 0x2965, 0x0000, 0x0000, 0x0000, 0x0000, 0x0000, 0x0000, 0x0000, 0x0000, 0x0000, 0x0000, 0x0000, 0x0000, 0x0000, 0x0000, 0x0000, 0x0000, 0x0000, 0x0000, 0x0000, 0x0000, 0x0000, 0x0000, 0x0000, 0x0000, 0x0000, 0x0000, 0x0000, 0x0000, 0x5163, 0x59a3, 0x59a3, 0x59a3, 0x59a3, 0x59a3, 0x59a3, 0x59a3, 0x59a3, 0x59a3, 0x59a3, 0x59a3, 0x59a3, 0x59a3, 0x59a3, 0x59a3, 0x59a3, 0x59a3, 0x59a3, 0x59a3},
		{0x30a3, 0x30a3, 0x30a3, 0x5984, 0x59a3, 0x59a3, 0x5984, 0x4104, 0x4104, 0x4104, 0x4104, 0x4104, 0x4104, 0x4104, 0x4104, 0x4104, 0x4104, 0x4104, 0x4104, 0x4104, 0x0000, 0x0000, 0x0000, 0x0000, 0x0000, 0x0000, 0x0000, 0x0000, 0x0000, 0x0000, 0x0000, 0x0841, 0x52aa, 0xad55, 0xce79, 0xce79, 0xa534, 0x7bef, 0x73ae, 0xad95, 0xbe17, 0x18c3, 0x0000, 0x0000, 0x0000, 0x10a2, 0x8430, 0xce79, 0xce79, 0xce59, 0x9d13, 0xb5b6, 0xce79, 0xa554, 0x0841, 0x0000, 0x0000, 0x0000, 0x0020, 0x6b6d, 0xc638, 0xce79, 0xce79, 0xa554, 0xad55, 0xce79, 0xbdf7, 0x18e3, 0x0000, 0x0000, 0x0000, 0x0000, 0x52aa, 0xbdd7, 0xce79, 0xce79, 0xad95, 0xa534, 0xc658, 0xc658, 0x39e7, 0x0000, 0x0000, 0x0000, 0x0000, 0x0000, 0x0000, 0x0000, 0x0000, 0x0000, 0x0000, 0x0000, 0x0000, 0x0000, 0x0000, 0x0000, 0x0000, 0x0000, 0x0000, 0x0000, 0x0000, 0x0000, 0x0000, 0x0000, 0x0000, 0x0000, 0x0000, 0x0000, 0x5163, 0x59a3, 0x59a3, 0x59a3, 0x59a3, 0x59a3, 0x59a3, 0x59a3, 0x59a3, 0x59a3, 0x59a3, 0x59a3, 0x59a3, 0x59a3, 0x59a3, 0x59a3, 0x59a3, 0x59a3, 0x59a3, 0x59a3},
		{0x30a3, 0x30a3, 0x5984, 0x59a3, 0x59a3, 0x5984, 0x4104, 0x4104, 0x4104, 0x4104, 0x4104, 0x30a3, 0x30a3, 0x30a3, 0x30a3, 0x30a3, 0x30a3, 0x30a3, 0x30a3, 0x30a3, 0x0000, 0x0000, 0x0000, 0x0000, 0x0000, 0x0000, 0x0000, 0x0000, 0x0000, 0x0000, 0x0020, 0xad95, 0xce79, 0xa534, 0xbdf7, 0xce79, 0x0861, 0x0000, 0x0000, 0x1082, 0xce59, 0x5acb, 0x0000, 0x0000, 0x0000, 0x6b6d, 0xbdf7, 0x634c, 0x8c71, 0xbdf7, 0x0020, 0x0000, 0x6b8d, 0xce79, 0x632c, 0x0000, 0x0000, 0x0000, 0x4208, 0xc658, 0x7bcf, 0x73ae, 0xc638, 0x2124, 0x0000, 0x4248, 0xce79, 0x8c71, 0x0000, 0x0000, 0x0000, 0x18c3, 0xce79, 0x8c71, 0x632c, 0xbe17, 0x4a69, 0x0000, 0x2144, 0xc618, 0xb5b6, 0x0000, 0x0000, 0x0000, 0x0000, 0x0000, 0x0000, 0x0000, 0x0000, 0x0000, 0x0000, 0x0000, 0x0000, 0x0000, 0x0000, 0x0000, 0x0000, 0x0000, 0x0000, 0x0000, 0x0000, 0x0000, 0x0000, 0x0000, 0x0000, 0x0000, 0x0000, 0x0000, 0x5163, 0x59a3, 0x59a3, 0x59a3, 0x59a3, 0x59a3, 0x59a3, 0x59a3, 0x59a3, 0x59a3, 0x59a3, 0x59a3, 0x59a3, 0x59a3, 0x59a3, 0x59a3, 0x59a3, 0x59a3, 0x59a3, 0x59a3},
		{0x28a3, 0x30a3, 0x5984, 0x5983, 0x5984, 0x4104, 0x4104, 0x4104, 0x30a3, 0x30a3, 0x30a3, 0x30a3, 0x30a3, 0x30a3, 0x30a3, 0x30a3, 0x30a3, 0x30a3, 0x30a3, 0x30a3, 0x0000, 0x0000, 0x0000, 0x0000, 0x0000, 0x0000, 0x0000, 0x0000, 0x0000, 0x0000, 0x0000, 0x73ae, 0x31a6, 0x39e7, 0xce79, 0x7c0f, 0x0000, 0x0000, 0x0000, 0x1082, 0xce79, 0x528a, 0x0000, 0x0000, 0x0000, 0x0020, 0x0861, 0x7bef, 0xc638, 0x2985, 0x0000, 0x0000, 0x0841, 0xc658, 0x94d2, 0x0000, 0x0000, 0x0000, 0x0000, 0x1082, 0x52aa, 0xce79, 0x528a, 0x0000, 0x0000, 0x0000, 0xa534, 0xc638, 0x0000, 0x0000, 0x0000, 0x0000, 0x1082, 0x31a6, 0xc618, 0x7bef, 0x0000, 0x0000, 0x0000, 0x7bcf, 0xce79, 0x2104, 0x0000, 0x0000, 0x0000, 0x0000, 0x0000, 0x0000, 0x0000, 0x0000, 0x0000, 0x0000, 0x0000, 0x0000, 0x0000, 0x0000, 0x0000, 0x0000, 0x0000, 0x0000, 0x0000, 0x0000, 0x0000, 0x0000, 0x0000, 0x0000, 0x0000, 0x0000, 0x5163, 0x5984, 0x5984, 0x5984, 0x59a4, 0x5984, 0x59a3, 0x5983, 0x59a3, 0x59a3, 0x59a3, 0x59a3, 0x59a3, 0x59a3, 0x59a3, 0x59a3, 0x59a3, 0x59a3, 0x59a3, 0x59a3},
		{0x30a3, 0x5984, 0x5984, 0x5984, 0x4104, 0x4104, 0x30a3, 0x30a3, 0x30a3, 0x30a3, 0x30a3, 0x30a3, 0x30a3, 0x30a3, 0x30a3, 0x30a3, 0x5984, 0x5984, 0x5984, 0x5984, 0x0000, 0x0000, 0x0000, 0x0000, 0x0000, 0x0000, 0x0000, 0x0000, 0x0000, 0x0000, 0x0000, 0x0000, 0x0841, 0xb5b6, 0xb5b6, 0x0861, 0x0000, 0x0000, 0x0020, 0x8c71, 0xc638, 0x10a2, 0x0000, 0x0000, 0x0000, 0x0000, 0x7bef, 0xc658, 0x39e7, 0x0000, 0x0000, 0x0000, 0x0000, 0xbdf7, 0x9cf3, 0x0000, 0x0000, 0x0000, 0x0000, 0x52aa, 0xce79, 0x632c, 0x0000, 0x0000, 0x0000, 0x0000, 0x9492, 0xc658, 0x0000, 0x0000, 0x0000, 0x0000, 0x3186, 0xc638, 0x8c71, 0x0000, 0x0000, 0x0000, 0x0000, 0x6b4d, 0xce79, 0x2124, 0x0000, 0x0000, 0x0000, 0x0000, 0x0000, 0x0000, 0x0000, 0x0000, 0x0000, 0x0000, 0x0000, 0x0000, 0x0000, 0x0000, 0x0000, 0x0000, 0x0000, 0x0000, 0x0000, 0x0000, 0x0000, 0x0000, 0x0000, 0x0000, 0x0000, 0x0000, 0x38e3, 0x4104, 0x4104, 0x4104, 0x30a3, 0x30a3, 0x5984, 0x5983, 0x59a3, 0x5984, 0x59a3, 0x59a3, 0x5983, 0x59a3, 0x59a3, 0x59a3, 0x59a3, 0x59a3, 0x59a3, 0x59a3},
		{0x30a3, 0x5984, 0x4104, 0x4104, 0x30a3, 0x30a3, 0x30a3, 0x30a3, 0x30a3, 0x3083, 0x30a3, 0x5984, 0x5984, 0x59a3, 0x59a3, 0x59a3, 0x59a3, 0x59a3, 0x59a3, 0x5984, 0x0000, 0x0000, 0x0000, 0x0000, 0x0000, 0x0000, 0x0000, 0x0000, 0x0000, 0x0000, 0x0000, 0x0000, 0x738e, 0xce79, 0x39e7, 0x0000, 0x0000, 0x18c3, 0x94d2, 0xce79, 0x528a, 0x0000, 0x0000, 0x0000, 0x0000, 0x6b6d, 0xce79, 0x528a, 0x0000, 0x0000, 0x0000, 0x0000, 0x0841, 0xce79, 0x7c0f, 0x0000, 0x0000, 0x0000, 0x4228, 0xce79, 0x7bef, 0x0000, 0x0000, 0x0000, 0x0000, 0x0000, 0xad55, 0xad55, 0x0000, 0x0000, 0x0000, 0x2124, 0xbe17, 0x9cf3, 0x0841, 0x0000, 0x0000, 0x0000, 0x0000, 0x7c0f, 0xce79, 0x0841, 0x0000, 0x0000, 0x0000, 0x0000, 0x0000, 0x0000, 0x0000, 0x0000, 0x0000, 0x0000, 0x0000, 0x0000, 0x0000, 0x0000, 0x0000, 0x0000, 0x0000, 0x0000, 0x0000, 0x0000, 0x0000, 0x0000, 0x0000, 0x0000, 0x0000, 0x0000, 0x38e3, 0x4104, 0x4104, 0x4104, 0x4104, 0x4104, 0x4104, 0x4104, 0x30a3, 0x30a3, 0x30a3, 0x30a3, 0x30a3, 0x5984, 0x5984, 0x5983, 0x59a3, 0x59a3, 0x59a3, 0x59a3},
		{0x30a3, 0x4104, 0x4104, 0x30a3, 0x30a3, 0x30a3, 0x30a3, 0x30a3, 0x30a3, 0x30a3, 0x5984, 0x59a3, 0x59a3, 0x59a3, 0x59a3, 0x59a3, 0x59a3, 0x59a3, 0x59a3, 0x5984, 0x0000, 0x0000, 0x0000, 0x0000, 0x0000, 0x0000, 0x0000, 0x0000, 0x0000, 0x0000, 0x0000, 0x2945, 0xce59, 0x7c0f, 0x0000, 0x10a2, 0x6b8d, 0xc638, 0xbe17, 0x4248, 0x0000, 0x0000, 0x0000, 0x0000, 0x4a69, 0xce79, 0x6b6d, 0x0000, 0x0000, 0x0000, 0x0000, 0x0000, 0x39e7, 0xce79, 0x4a89, 0x0000, 0x0000, 0x2945, 0xc638, 0x94b2, 0x0020, 0x0000, 0x0000, 0x0000, 0x0000, 0x1082, 0xce79, 0x7bcf, 0x0000, 0x0000, 0x1082, 0xb596, 0xb596, 0x1082, 0x0000, 0x0000, 0x0000, 0x0000, 0x0000, 0xb596, 0xa534, 0x0000, 0x0000, 0x0000, 0x0000, 0x0000, 0x0000, 0x0000, 0x0000, 0x0000, 0x0000, 0x0000, 0x0000, 0x0000, 0x0000, 0x0000, 0x0000, 0x0000, 0x0000, 0x0000, 0x0000, 0x0000, 0x0000, 0x0000, 0x0000, 0x0000, 0x0000, 0x0000, 0x5163, 0x30a3, 0x30a3, 0x30a3, 0x30a3, 0x30a3, 0x30a3, 0x4104, 0x4104, 0x4104, 0x4104, 0x30a3, 0x30a3, 0x30a3, 0x30a3, 0x5984, 0x5983, 0x59a3, 0x59a3, 0x59a3},
		{0x3083, 0x30a3, 0x30a3, 0x30a3, 0x30a3, 0x30a3, 0x30a3, 0x5984, 0x5984, 0x5983, 0x5983, 0x59a3, 0x59a3, 0x59a3, 0x59a3, 0x59a3, 0x59a3, 0x59a3, 0x59a3, 0x5984, 0x0000, 0x0000, 0x0000, 0x0000, 0x0000, 0x0000, 0x0000, 0x0000, 0x0000, 0x0000, 0x0000, 0x9d13, 0xce79, 0x73ae, 0x94d2, 0xce59, 0xc658, 0x7bcf, 0x10a2, 0x0000, 0x0000, 0x0000, 0x0000, 0x2124, 0xc638, 0x94b2, 0x0000, 0x0000, 0x0000, 0x0000, 0x0000, 0x0000, 0x8410, 0xc658, 0x1082, 0x0000, 0x0861, 0xb596, 0xb596, 0x1082, 0x0000, 0x0000, 0x0000, 0x0000, 0x0000, 0x52aa, 0xce79, 0x31a6, 0x0000, 0x0000, 0x9492, 0xc638, 0x2144, 0x0000, 0x0000, 0x0000, 0x0000, 0x0000, 0x2965, 0xce79, 0x5aeb, 0x0000, 0x0000, 0x0000, 0x0000, 0x0000, 0x0000, 0x0000, 0x0000, 0x0000, 0x0000, 0x0000, 0x0000, 0x0000, 0x0000, 0x0000, 0x0000, 0x0000, 0x0000, 0x0000, 0x0000, 0x0000, 0x0000, 0x0000, 0x0000, 0x0000, 0x0000, 0x0000, 0x5163, 0x5983, 0x5984, 0x5984, 0x5984, 0x30a3, 0x30a3, 0x30a3, 0x30a3, 0x30a3, 0x4104, 0x4104, 0x4104, 0x30a3, 0x30a3, 0x30a3, 0x30a3, 0x5984, 0x5983, 0x59a3},
		{0x30a3, 0x30a3, 0x30a3, 0x30a3, 0x30a3, 0x30a3, 0x5984, 0x59a3, 0x59a3, 0x5983, 0x5983, 0x59a3, 0x59a3, 0x59a3, 0x59a3, 0x59a3, 0x59a3, 0x59a3, 0x59a3, 0x5984, 0x0000, 0x0000, 0x0000, 0x0000, 0x0000, 0x0000, 0x0000, 0x0000, 0x0000, 0x0000, 0x4a69, 0xce79, 0xce79, 0xce79, 0xce79, 0x94b2, 0x1082, 0x0000, 0x0000, 0x0000, 0x0000, 0x0000, 0x0020, 0xa554, 0xb5d6, 0x1082, 0x0000, 0x0000, 0x0000, 0x0000, 0x0000, 0x10a2, 0xc638, 0x7c0f, 0x0000, 0x0000, 0x8410, 0xc658, 0x2965, 0x0000, 0x0000, 0x0000, 0x0000, 0x0000, 0x0000, 0xad75, 0xad55, 0x0000, 0x0000, 0x52aa, 0xce79, 0x52aa, 0x0000, 0x0000, 0x0000, 0x0000, 0x0000, 0x0000, 0x8430, 0xc638, 0x1082, 0x0000, 0x0000, 0x0000, 0x0000, 0x0000, 0x0000, 0x0000, 0x0000, 0x5aeb, 0x31a6, 0x0000, 0x0000, 0x0000, 0x0000, 0x0000, 0x0000, 0x0000, 0x0000, 0x0000, 0x0000, 0x0000, 0x0000, 0x0000, 0x0000, 0x0000, 0x0000, 0x0000, 0x5163, 0x5983, 0x59a3, 0x59a3, 0x5983, 0x5984, 0x5984, 0x30a3, 0x30a3, 0x30a3, 0x30a3, 0x30a3, 0x30a3, 0x30a3, 0x30a3, 0x30a3, 0x30a3, 0x30a3, 0x5984, 0x5983},
		{0x30a3, 0x30a3, 0x30a3, 0x30a3, 0x30a3, 0x5984, 0x59a3, 0x59a3, 0x59a3, 0x59a3, 0x59a3, 0x59a3, 0x59a3, 0x59a3, 0x59a3, 0x59a3, 0x59a3, 0x59a3, 0x59a3, 0x5984, 0x0000, 0x0000, 0x0000, 0x0000, 0x0000, 0x0000, 0x0000, 0x0000, 0x0000, 0x0841, 0xb5b6, 0xa554, 0x7bef, 0x73ae, 0x7bcf, 0xb5d6, 0x94d2, 0x1082, 0x0000, 0x0000, 0x0000, 0x0000, 0x630c, 0xce79, 0x39e7, 0x0000, 0x0000, 0x0000, 0x0000, 0x0000, 0x0000, 0x73ae, 0xc658, 0x2104, 0x0000, 0x39c7, 0xce79, 0x6b4d, 0x0000, 0x0000, 0x0000, 0x0000, 0x0000, 0x0000, 0x4a69, 0xce79, 0x4248, 0x0000, 0x10a2, 0xc618, 0x94b2, 0x0000, 0x0000, 0x0000, 0x0000, 0x0000, 0x0000, 0x2124, 0xce59, 0x738e, 0x0000, 0x0000, 0x0000, 0x0000, 0x0000, 0x0000, 0x0000, 0x0000, 0x39e7, 0xb5d6, 0x1082, 0x0000, 0x0000, 0x0000, 0x0000, 0x0000, 0x0000, 0x0000, 0x0000, 0x0000, 0x0000, 0x0000, 0x0000, 0x0000, 0x0000, 0x0000, 0x0000, 0x0000, 0x5163, 0x59a3, 0x59a3, 0x59a3, 0x5984, 0x59a3, 0x59a3, 0x5984, 0x5984, 0x30a3, 0x30a3, 0x30a3, 0x30a3, 0x30a3, 0x30a3, 0x30a3, 0x30a3, 0x28a3, 0x30a3, 0x5984},
		{0x30a3, 0x30a3, 0x30a3, 0x30a3, 0x5984, 0x59a3, 0x59a3, 0x59a3, 0x59a3, 0x59a3, 0x59a3, 0x59a3, 0x59a3, 0x59a3, 0x59a3, 0x59a3, 0x59a3, 0x59a3, 0x59a3, 0x5984, 0x0000, 0x0000, 0x0000, 0x0000, 0x0000, 0x0000, 0x0000, 0x0000, 0x0000, 0x6b4d, 0xce79, 0x3186, 0x0000, 0x0000, 0x0000, 0x0861, 0xa534, 0x8c91, 0x0000, 0x0000, 0x0000, 0x10a2, 0xc638, 0x8c71, 0x0000, 0x0000, 0x0000, 0x0000, 0x0000, 0x0000, 0x2104, 0xc658, 0x7bcf, 0x0000, 0x0000, 0xad55, 0xb596, 0x0020, 0x0000, 0x0000, 0x0000, 0x0000, 0x0000, 0x0841, 0xb5b6, 0xa534, 0x0000, 0x0000, 0x8430, 0xc658, 0x18e3, 0x0000, 0x0000, 0x0000, 0x0000, 0x0000, 0x0000, 0x94b2, 0xbdf7, 0x1082, 0x0000, 0x0000, 0x0000, 0x0000, 0x0000, 0x0000, 0x0000, 0x0861, 0xb5d6, 0x9492, 0x8430, 0x39e7, 0x0000, 0x0000, 0x0000, 0x0000, 0x0000, 0x0000, 0x0000, 0x0000, 0x0000, 0x0000, 0x0000, 0x0000, 0x0000, 0x0000, 0x0000, 0x0000, 0x5163, 0x59a3, 0x59a3, 0x59a3, 0x30a3, 0x5984, 0x59a3, 0x59a3, 0x5983, 0x5984, 0x5984, 0x30a3, 0x30a3, 0x30a3, 0x30a3, 0x30a3, 0x30a3, 0x30a3, 0x30a3, 0x5984},
		{0x30a3, 0x30a3, 0x30a3, 0x30a3, 0x5983, 0x59a3, 0x59a3, 0x59a3, 0x59a3, 0x59a3, 0x59a3, 0x59a3, 0x59a3, 0x59a3, 0x59a3, 0x59a3, 0x59a3, 0x59a3, 0x59a3, 0x5984, 0x0000, 0x0000, 0x0000, 0x0000, 0x0000, 0x0000, 0x0000, 0x0000, 0x10a2, 0xc638, 0x8c71, 0x0000, 0x0000, 0x0000, 0x0000, 0x0000, 0x4228, 0xce79, 0x2124, 0x0000, 0x0000, 0x73ae, 0xce59, 0x2104, 0x0000, 0x0000, 0x0000, 0x0000, 0x0000, 0x0000, 0x9cf3, 0xbdf7, 0x1082, 0x0000, 0x4a69, 0xce79, 0x4a49, 0x0000, 0x0000, 0x0000, 0x0000, 0x0000, 0x0000, 0x73ae, 0xce59, 0x2965, 0x0000, 0x2104, 0xce79, 0x738e, 0x0000, 0x0000, 0x0000, 0x0000, 0x0000, 0x0000, 0x4a69, 0xce79, 0x52aa, 0x0000, 0x0000, 0x0000, 0x10a2, 0x31a6, 0x18c3, 0x1082, 0x738e, 0xa554, 0xb5d6, 0x7bef, 0x4a69, 0x10a2, 0x0000, 0x0000, 0x0000, 0x0000, 0x0000, 0x0000, 0x0000, 0x0000, 0x0000, 0x0000, 0x0000, 0x0000, 0x0000, 0x0000, 0x0000, 0x0000, 0x5163, 0x59a3, 0x59a3, 0x59a3, 0x30a3, 0x30a3, 0x5984, 0x59a3, 0x59a3, 0x5983, 0x59a3, 0x5984, 0x30a3, 0x3083, 0x30a3, 0x30a3, 0x30a3, 0x30a3, 0x30a3, 0x30a3},
		{0x30a3, 0x30a3, 0x30a3, 0x30a3, 0x5984, 0x5983, 0x59a3, 0x59a3, 0x59a3, 0x59a3, 0x59a3, 0x59a3, 0x59a3, 0x59a3, 0x59a3, 0x59a3, 0x59a3, 0x59a3, 0x59a3, 0x5984, 0x0000, 0x0000, 0x0000, 0x0000, 0x0000, 0x0000, 0x0000, 0x0000, 0x73ae, 0xce79, 0x2945, 0x0000, 0x0000, 0x0000, 0x0000, 0x0000, 0x31a6, 0xce79, 0x4228, 0x0000, 0x1082, 0xc638, 0x8450, 0x0000, 0x0000, 0x0000, 0x0000, 0x0000, 0x0000, 0x632c, 0xce79, 0x4228, 0x0000, 0x0000, 0xa554, 0xad95, 0x0000, 0x0000, 0x0000, 0x0000, 0x0000, 0x0000, 0x39e7, 0xce79, 0x6b8d, 0x0000, 0x0000, 0x7bef, 0xc658, 0x10a2, 0x0000, 0x0000, 0x0000, 0x0000, 0x0000, 0x18e3, 0xbe17, 0x94d2, 0x0000, 0x0000, 0x0841, 0x8410, 0xb5b6, 0x9cf3, 0xc618, 0x1082, 0x8430, 0xbdf7, 0x0861, 0x0000, 0x0000, 0x0000, 0x4248, 0x8c71, 0x2945, 0x0000, 0x0000, 0x0000, 0x2985, 0x18e3, 0x10a2, 0x7bef, 0x0841, 0x0000, 0x0000, 0x0000, 0x0000, 0x0000, 0x5163, 0x59a3, 0x59a3, 0x59a3, 0x30a3, 0x4104, 0x30a3, 0x5984, 0x5983, 0x59a3, 0x59a3, 0x59a3, 0x5984, 0x30a3, 0x30a3, 0x30a3, 0x30a3, 0x30a3, 0x30a3, 0x30a3},
		{0x30a3, 0x30a3, 0x30a3, 0x5984, 0x5983, 0x5983, 0x59a3, 0x59a3, 0x59a3, 0x59a3, 0x59a3, 0x59a3, 0x59a3, 0x59a3, 0x59a3, 0x59a3, 0x59a3, 0x59a3, 0x59a3, 0x5984, 0x0000, 0x0000, 0x0000, 0x0000, 0x0000, 0x0000, 0x0000, 0x1082, 0xc638, 0x9492, 0x0000, 0x0000, 0x0000, 0x0000, 0x0000, 0x0000, 0x52ca, 0xce79, 0x39e7, 0x0000, 0x5acb, 0xce79, 0x31a6, 0x0000, 0x0000, 0x0000, 0x0000, 0x0000, 0x39c7, 0xce59, 0x7c0f, 0x0000, 0x0000, 0x2965, 0xce79, 0x630c, 0x0000, 0x0000, 0x0000, 0x0000, 0x0000, 0x18c3, 0xbdf7, 0xa534, 0x0020, 0x0000, 0x0841, 0xc638, 0x8c71, 0x0000, 0x0000, 0x0000, 0x0000, 0x0000, 0x0841, 0xa534, 0xbdf7, 0x18c3, 0x0000, 0x0000, 0x8c71, 0x8430, 0x0841, 0x4a49, 0xa534, 0x0000, 0x94d2, 0x5aeb, 0x0000, 0x0000, 0x0000, 0x73ce, 0x9d13, 0xa534, 0x4a69, 0x0000, 0x0000, 0x2965, 0xb5d6, 0x4a89, 0xbdf7, 0x632c, 0x0000, 0x0000, 0x0000, 0x0000, 0x0000, 0x0000, 0x5163, 0x59a3, 0x59a3, 0x5984, 0x4104, 0x4104, 0x30a3, 0x30a3, 0x5984, 0x5984, 0x5984, 0x5984, 0x5984, 0x30a3, 0x30a3, 0x30a3, 0x30a3, 0x30a3, 0x30a3, 0x30a3},
		{0x30a3, 0x30a3, 0x30a3, 0x5984, 0x59a3, 0x59a3, 0x59a3, 0x59a3, 0x59a3, 0x59a3, 0x59a3, 0x59a3, 0x59a3, 0x59a3, 0x59a3, 0x59a3, 0x59a3, 0x59a3, 0x59a3, 0x5984, 0x0000, 0x0000, 0x0000, 0x0000, 0x0000, 0x0000, 0x0000, 0x632c, 0xce79, 0x31a6, 0x0000, 0x0000, 0x0000, 0x0000, 0x0000, 0x0000, 0x9d13, 0xce59, 0x1082, 0x0000, 0x9cd3, 0xbdf7, 0x0000, 0x0000, 0x0000, 0x0000, 0x0000, 0x2104, 0xbe17, 0xa554, 0x0841, 0x0000, 0x0000, 0x6b6d, 0xce79, 0x18e3, 0x0000, 0x0000, 0x0000, 0x0000, 0x0861, 0xad55, 0xbdf7, 0x18e3, 0x0000, 0x0000, 0x4228, 0xce79, 0x4248, 0x0000, 0x0000, 0x0000, 0x0000, 0x0000, 0x8c51, 0xce59, 0x39c7, 0x0000, 0x0000, 0x0000, 0xc638, 0x3186, 0xb596, 0x94b2, 0x18c3, 0x2965, 0xbe17, 0x0841, 0x0000, 0x0000, 0x632c, 0x9cf3, 0x2104, 0x9d13, 0x0841, 0x0000, 0x0000, 0xa554, 0x8c51, 0xbe17, 0x9cf3, 0x4a69, 0x9d13, 0x0020, 0x0000, 0x0000, 0x0000, 0x0000, 0x5163, 0x59a3, 0x59a3, 0x59a3, 0x30a3, 0x4104, 0x30a3, 0x30a3, 0x30a3, 0x30a3, 0x30a3, 0x30a3, 0x30a3, 0x30a3, 0x30a3, 0x30a3, 0x30a3, 0x30a3, 0x30a3, 0x30a3},
		{0x30a3, 0x30a3, 0x5984, 0x59a3, 0x59a3, 0x59a3, 0x59a3, 0x59a3, 0x59a3, 0x59a3, 0x59a3, 0x59a3, 0x59a3, 0x59a3, 0x59a3, 0x59a3, 0x59a3, 0x59a3, 0x59a3, 0x5984, 0x0000, 0x0000, 0x0000, 0x0000, 0x0000, 0x0000, 0x0020, 0xb5b6, 0xad55, 0x0000, 0x0000, 0x0000, 0x0000, 0x0000, 0x0000, 0x4228, 0xce79, 0x8c71, 0x0000, 0x0000, 0xc638, 0x8c91, 0x0000, 0x0000, 0x0000, 0x0000, 0x18e3, 0xb5b6, 0xb5b6, 0x18c3, 0x0000, 0x0000, 0x0000, 0x9cf3, 0xb5d6, 0x0000, 0x0000, 0x0000, 0x0000, 0x0841, 0x9cf3, 0xc638, 0x31a6, 0x0000, 0x0000, 0x0000, 0x73ae, 0xce79, 0x18c3, 0x0000, 0x0000, 0x0000, 0x0000, 0x7bcf, 0xce79, 0x5acb, 0x0000, 0x0000, 0x0861, 0x31a6, 0x8c91, 0x52ca, 0x0020, 0x0000, 0x0000, 0x7bcf, 0x73ce, 0x0000, 0x2945, 0x6b4d, 0xc638, 0x52aa, 0x9cf3, 0x2104, 0x18c3, 0x39e7, 0x4a69, 0xce79, 0x8c91, 0x5acb, 0xc638, 0x8c51, 0x10a2, 0x0000, 0x0000, 0x0000, 0x0000, 0x0000, 0x5163, 0x59a3, 0x59a3, 0x59a3, 0x5984, 0x30a3, 0x4104, 0x30a3, 0x30a3, 0x30a3, 0x28a3, 0x30a3, 0x30a3, 0x30a3, 0x30a3, 0x30a3, 0x30a3, 0x30a3, 0x30a3, 0x30a3},
		{0x30a3, 0x30a3, 0x5983, 0x59a3, 0x59a3, 0x59a3, 0x59a3, 0x59a3, 0x59a3, 0x59a3, 0x59a3, 0x59a3, 0x59a3, 0x59a3, 0x59a3, 0x59a3, 0x59a3, 0x59a3, 0x59a3, 0x5984, 0x0000, 0x0000, 0x0000, 0x0000, 0x0000, 0x0000, 0x4208, 0xce79, 0x5aeb, 0x0000, 0x0000, 0x0000, 0x0000, 0x0000, 0x18e3, 0xbdf7, 0xc618, 0x18e3, 0x0000, 0x18c3, 0xce79, 0x73ae, 0x0000, 0x0000, 0x0000, 0x18e3, 0xb5b6, 0xbdf7, 0x2124, 0x0000, 0x0000, 0x0000, 0x0000, 0xb5d6, 0x9d13, 0x0000, 0x0000, 0x0000, 0x0861, 0x9cd3, 0xce59, 0x4228, 0x0000, 0x0000, 0x0000, 0x0000, 0x8c91, 0xce79, 0x0000, 0x0000, 0x0000, 0x0000, 0x73ce, 0xce79, 0x6b6d, 0x0000, 0x0000, 0x0000, 0x6b6d, 0x4a89, 0x2104, 0xbdf7, 0x0861, 0x0000, 0x0000, 0xad95, 0x39c7, 0x0841, 0x9d13, 0x73ce, 0xbdf7, 0x6b8d, 0x1082, 0x10a2, 0x9d13, 0x2124, 0xa554, 0xa554, 0x0841, 0x0000, 0x0000, 0x0000, 0x0000, 0x0000, 0x0000, 0x0000, 0x0000, 0x0000, 0x5163, 0x59a3, 0x59a3, 0x59a3, 0x59a3, 0x5984, 0x4104, 0x4104, 0x4104, 0x4104, 0x30a3, 0x3083, 0x30a3, 0x30a3, 0x30a3, 0x30a3, 0x30a3, 0x30a3, 0x30a3, 0x30a3},
		{0x30a3, 0x30a3, 0x5983, 0x59a3, 0x59a3, 0x59a3, 0x59a3, 0x59a3, 0x59a3, 0x59a3, 0x59a3, 0x59a3, 0x59a3, 0x59a3, 0x59a3, 0x59a3, 0x59a3, 0x59a3, 0x59a3, 0x5984, 0x0000, 0x0000, 0x0000, 0x0000, 0x0000, 0x0000, 0x8c91, 0xce79, 0x10a2, 0x0000, 0x0000, 0x0000, 0x0000, 0x31a6, 0xb5d6, 0xc658, 0x39e7, 0x0000, 0x0000, 0x18e3, 0xce79, 0x8c91, 0x0000, 0x0000, 0x39e7, 0xbdf7, 0xbdf7, 0x2945, 0x0000, 0x0000, 0x0000, 0x0000, 0x0000, 0xbdf7, 0xb5b6, 0x0020, 0x0000, 0x2124, 0xad55, 0xc658, 0x4a49, 0x0000, 0x0000, 0x0000, 0x0000, 0x0000, 0x8c91, 0xce79, 0x18c3, 0x0000, 0x1082, 0x8c91, 0xce79, 0x6b6d, 0x0000, 0x0000, 0x0000, 0x0000, 0x8450, 0x4a89, 0x0000, 0x9d13, 0x4208, 0x0000, 0x0000, 0xc638, 0x4248, 0x8c71, 0x4a49, 0x6b6d, 0xa534, 0x2104, 0x4a49, 0xa534, 0x2985, 0x2965, 0xc658, 0x2124, 0x0000, 0x0000, 0x0000, 0x0000, 0x0000, 0x0000, 0x0000, 0x0000, 0x0000, 0x0000, 0x5163, 0x59a3, 0x59a3, 0x59a3, 0x59a3, 0x5983, 0x5983, 0x5984, 0x5984, 0x4104, 0x4104, 0x30a3, 0x30a3, 0x30a3, 0x30a3, 0x30a3, 0x30a3, 0x30a3, 0x30a3, 0x30a3},
		{0x30a3, 0x30a3, 0x5983, 0x59a3, 0x59a3, 0x59a3, 0x59a3, 0x59a3, 0x59a3, 0x59a3, 0x59a3, 0x59a3, 0x59a3, 0x59a3, 0x59a3, 0x59a3, 0x59a3, 0x59a3, 0x59a3, 0x5984, 0x0000, 0x0000, 0x0000, 0x0000, 0x0000, 0x0861, 0xc658, 0xce79, 0x8c71, 0x52ca, 0x4a69, 0x632c, 0x9cf3, 0xce79, 0xb596, 0x3186, 0x0000, 0x0000, 0x0000, 0x0000, 0xb5b6, 0xce79, 0x8c71, 0x9cf3, 0xce79, 0xad75, 0x2104, 0x0000, 0x0000, 0x0000, 0x0000, 0x0000, 0x0000, 0x8c71, 0xce79, 0x9cf3, 0x8c91, 0xc658, 0xbdf7, 0x39c7, 0x0000, 0x0000, 0x0000, 0x0000, 0x0000, 0x0000, 0x632c, 0xce79, 0xad75, 0x8c51, 0xbe17, 0xc658, 0x52ca, 0x0000, 0x0000, 0x0000, 0x0000, 0x0000, 0x4a49, 0xbe17, 0x8c91, 0xb5d6, 0x10a2, 0x0000, 0x0000, 0x8430, 0xbe17, 0x528a, 0x0000, 0x2104, 0xad75, 0xb5d6, 0x7bcf, 0x10a2, 0x0000, 0x738e, 0x7bcf, 0x0000, 0x0000, 0x0000, 0x0000, 0x0000, 0x0000, 0x0000, 0x0000, 0x0000, 0x0000, 0x0000, 0x5163, 0x59a3, 0x59a3, 0x59a3, 0x59a3, 0x59a3, 0x59a3, 0x5983, 0x59a3, 0x5984, 0x5984, 0x30a3, 0x30a3, 0x30a3, 0x30a3, 0x30a3, 0x30a3, 0x30a3, 0x30a3, 0x30a3},
		{0x30a3, 0x30a3, 0x5983, 0x59a3, 0x59a3, 0x59a3, 0x59a3, 0x59a3, 0x59a3, 0x59a3, 0x59a3, 0x59a3, 0x59a3, 0x59a3, 0x59a3, 0x59a3, 0x59a3, 0x59a3, 0x59a3, 0x5984, 0x0000, 0x0000, 0x0000, 0x0000, 0x0000, 0x2104, 0xce79, 0x7bef, 0x8430, 0xb5b6, 0xce79, 0xbe17, 0x94d2, 0x52aa, 0x0020, 0x0000, 0x0000, 0x0000, 0x0000, 0x0000, 0x39e7, 0xc638, 0xce79, 0xc618, 0x6b6d, 0x0841, 0x0000, 0x0000, 0x0000, 0x0000, 0x0000, 0x0000, 0x0000, 0x2104, 0xb5d6, 0xce79, 0xc658, 0x8430, 0x10a2, 0x0000, 0x0000, 0x0000, 0x0000, 0x0000, 0x0000, 0x0000, 0x0841, 0xa534, 0xce79, 0xce79, 0x94d2, 0x2945, 0x0000, 0x0000, 0x0000, 0x0000, 0x0000, 0x0000, 0x0000, 0x2965, 0x4a49, 0x1082, 0x0000, 0x0000, 0x0000, 0x0000, 0x0000, 0x0000, 0x0000, 0x0000, 0x0000, 0x0000, 0x0000, 0x0000, 0x0000, 0x39c7, 0x1082, 0x0000, 0x0000, 0x0000, 0x0000, 0x0000, 0x0000, 0x0000, 0x0000, 0x0000, 0x0000, 0x0000, 0x5163, 0x59a3, 0x59a3, 0x59a3, 0x59a3, 0x59a3, 0x59a3, 0x59a3, 0x59a3, 0x59a3, 0x59a3, 0x5984, 0x30a3, 0x3083, 0x30a3, 0x30a3, 0x30a3, 0x30a3, 0x30a3, 0x30a3},
		{0x30a3, 0x30a3, 0x5983, 0x5983, 0x5983, 0x59a3, 0x59a3, 0x59a3, 0x59a3, 0x59a3, 0x59a3, 0x59a3, 0x59a3, 0x59a3, 0x59a3, 0x59a3, 0x59a3, 0x59a3, 0x59a3, 0x5984, 0x0000, 0x0000, 0x0000, 0x0000, 0x0000, 0x0000, 0x4248, 0x0861, 0x0000, 0x0000, 0x0000, 0x0000, 0x0000, 0x0000, 0x0000, 0x0000, 0x0000, 0x0000, 0x0000, 0x0000, 0x0000, 0x0861, 0x2945, 0x0841, 0x0000, 0x0000, 0x0000, 0x0000, 0x0000, 0x0000, 0x0000, 0x0000, 0x0000, 0x0000, 0x0841, 0x2945, 0x0861, 0x0000, 0x0000, 0x0000, 0x0000, 0x0000, 0x0000, 0x0000, 0x0000, 0x0000, 0x0000, 0x0000, 0x2124, 0x10a2, 0x0000, 0x0000, 0x0000, 0x0000, 0x0000, 0x0000, 0x0000, 0x0000, 0x0000, 0x0000, 0x0000, 0x0000, 0x0000, 0x0000, 0x0000, 0x0000, 0x0000, 0x0000, 0x0000, 0x0000, 0x0000, 0x0000, 0x0000, 0x0000, 0x0000, 0x0000, 0x0000, 0x0000, 0x0000, 0x0000, 0x0000, 0x0000, 0x0000, 0x0000, 0x0000, 0x0000, 0x0000, 0x0000, 0x5163, 0x59a3, 0x59a3, 0x59a3, 0x59a3, 0x59a3, 0x59a3, 0x59a3, 0x59a3, 0x59a3, 0x59a3, 0x59a3, 0x5984, 0x30a3, 0x30a3, 0x30a3, 0x3083, 0x30a3, 0x30a3, 0x30a3},
		{0x30a3, 0x30a3, 0x5984, 0x5984, 0x5983, 0x59a3, 0x59a3, 0x59a3, 0x59a3, 0x59a3, 0x59a3, 0x59a3, 0x59a3, 0x59a3, 0x59a3, 0x59a3, 0x59a3, 0x59a3, 0x5984, 0x5984, 0x0000, 0x0000, 0x0000, 0x0000, 0x0000, 0x0000, 0x0000, 0x0000, 0x0000, 0x0000, 0x0000, 0x0000, 0x0000, 0x0000, 0x0000, 0x0000, 0x0000, 0x0000, 0x0000, 0x0000, 0x0000, 0x0000, 0x0000, 0x0000, 0x0000, 0x0000, 0x0000, 0x0000, 0x0000, 0x0000, 0x0000, 0x0000, 0x0000, 0x0000, 0x0000, 0x0000, 0x0000, 0x0000, 0x0000, 0x0000, 0x0000, 0x0000, 0x0000, 0x0000, 0x0000, 0x0000, 0x0000, 0x0000, 0x0000, 0x0000, 0x0000, 0x0000, 0x0000, 0x0000, 0x0000, 0x0000, 0x0000, 0x0000, 0x0000, 0x0000, 0x0000, 0x0000, 0x0000, 0x0000, 0x0000, 0x0000, 0x0000, 0x0000, 0x0000, 0x0000, 0x0000, 0x0000, 0x0000, 0x0000, 0x0000, 0x0000, 0x0000, 0x0000, 0x0000, 0x0000, 0x0000, 0x0000, 0x0000, 0x0000, 0x0000, 0x0000, 0x0000, 0x0000, 0x5163, 0x59a3, 0x59a3, 0x59a3, 0x59a3, 0x59a3, 0x59a3, 0x59a3, 0x59a3, 0x59a3, 0x59a3, 0x59a3, 0x59a3, 0x5983, 0x5984, 0x59a4, 0x30a3, 0x30a3, 0x30a3, 0x30a3},
		{0x30a3, 0x3083, 0x30a3, 0x30a3, 0x5984, 0x59a3, 0x5984, 0x5983, 0x59a3, 0x5983, 0x5983, 0x5983, 0x59a3, 0x59a3, 0x5983, 0x5984, 0x5983, 0x5984, 0x30a3, 0x30a3, 0x0000, 0x0000, 0x0000, 0x0000, 0x0000, 0x0000, 0x0000, 0x0000, 0x0000, 0x0000, 0x0000, 0x0000, 0x0000, 0x0000, 0x0000, 0x0000, 0x0000, 0x0000, 0x0000, 0x0000, 0x0000, 0x0000, 0x0000, 0x0000, 0x0000, 0x0000, 0x0000, 0x0000, 0x0000, 0x0000, 0x0000, 0x0000, 0x0000, 0x0000, 0x0000, 0x0000, 0x0000, 0x0000, 0x0000, 0x0000, 0x0000, 0x0000, 0x0000, 0x0000, 0x0000, 0x0000, 0x0000, 0x0000, 0x0000, 0x0000, 0x0000, 0x0000, 0x0000, 0x0000, 0x0000, 0x0000, 0x0000, 0x0000, 0x0000, 0x0000, 0x0000, 0x0000, 0x0000, 0x0000, 0x0000, 0x0000, 0x0000, 0x0000, 0x0000, 0x0000, 0x0000, 0x0000, 0x0000, 0x0000, 0x0000, 0x0000, 0x0000, 0x0000, 0x0000, 0x0000, 0x0000, 0x0000, 0x0000, 0x0000, 0x0000, 0x0000, 0x0000, 0x0000, 0x5163, 0x59a3, 0x59a3, 0x59a3, 0x59a3, 0x59a3, 0x59a3, 0x59a3, 0x5983, 0x59a3, 0x59a3, 0x5983, 0x5983, 0x6183, 0x5983, 0x5984, 0x30a3, 0x30a3, 0x30a3, 0x30a3},
		{0x30a3, 0x30a3, 0x30a3, 0x30a3, 0x30a3, 0x30a3, 0x30a3, 0x5984, 0x5984, 0x5984, 0x5984, 0x5984, 0x5984, 0x5984, 0x5984, 0x30a3, 0x30a3, 0x30a3, 0x4104, 0x4104, 0x0000, 0x0000, 0x0000, 0x0000, 0x0000, 0x0000, 0x0000, 0x0000, 0x0000, 0x0000, 0x0000, 0x0000, 0x0000, 0x0000, 0x0000, 0x0000, 0x0000, 0x0000, 0x0000, 0x0000, 0x0000, 0x0000, 0x0000, 0x0000, 0x0000, 0x0000, 0x0000, 0x0000, 0x0000, 0x0000, 0x0000, 0x0000, 0x0000, 0x0000, 0x0000, 0x0000, 0x0000, 0x0000, 0x0000, 0x0000, 0x0000, 0x0000, 0x0000, 0x0000, 0x0000, 0x0000, 0x0000, 0x0000, 0x0000, 0x0000, 0x0000, 0x0000, 0x0000, 0x0000, 0x0000, 0x0000, 0x0000, 0x0000, 0x0000, 0x0000, 0x0000, 0x0000, 0x0000, 0x0000, 0x0000, 0x0000, 0x0000, 0x0000, 0x0000, 0x0000, 0x0000, 0x0000, 0x0000, 0x0000, 0x0000, 0x0000, 0x0000, 0x0000, 0x0000, 0x0000, 0x0000, 0x0000, 0x0000, 0x0000, 0x0000, 0x0000, 0x0000, 0x0000, 0x5163, 0x5984, 0x5984, 0x5984, 0x5984, 0x5984, 0x5984, 0x5984, 0x5984, 0x5983, 0x59a3, 0x5984, 0x5984, 0x5984, 0x5984, 0x5984, 0x30a3, 0x30a3, 0x30a3, 0x30a3},
		{0x30a3, 0x30a3, 0x30a3, 0x30a3, 0x4104, 0x4104, 0x4104, 0x4104, 0x30a3, 0x30a3, 0x30a3, 0x30a3, 0x30a3, 0x30a3, 0x4104, 0x4104, 0x4104, 0x4104, 0x4104, 0x4104, 0x0000, 0x0000, 0x0000, 0x0000, 0x0000, 0x0000, 0x0000, 0x0000, 0x0000, 0x0000, 0x0000, 0x0000, 0x0000, 0x0000, 0x0000, 0x0000, 0x0000, 0x0000, 0x0000, 0x0000, 0x0000, 0x0000, 0x0000, 0x0000, 0x0000, 0x0000, 0x0000, 0x0000, 0x0000, 0x0000, 0x0000, 0x0000, 0x0000, 0x0000, 0x0000, 0x0000, 0x0000, 0x0000, 0x0000, 0x0000, 0x0000, 0x0000, 0x0000, 0x0000, 0x0000, 0x0000, 0x0000, 0x0000, 0x0000, 0x0000, 0x0000, 0x0000, 0x0000, 0x0000, 0x0000, 0x0000, 0x0000, 0x0000, 0x0000, 0x0000, 0x0000, 0x0000, 0x0000, 0x0000, 0x0000, 0x0000, 0x0000, 0x0000, 0x0000, 0x0000, 0x0000, 0x0000, 0x0000, 0x0000, 0x0000, 0x0000, 0x0000, 0x0000, 0x0000, 0x0000, 0x0000, 0x0000, 0x0000, 0x0000, 0x0000, 0x0000, 0x0000, 0x0000, 0x38e3, 0x4104, 0x4104, 0x4104, 0x4104, 0x4104, 0x4104, 0x4104, 0x4104, 0x5984, 0x5984, 0x30a3, 0x30a3, 0x30a3, 0x30a3, 0x30a3, 0x3083, 0x30a3, 0x30a3, 0x30a3},
		{0x30a3, 0x30a3, 0x30a3, 0x3083, 0x30a3, 0x30a3, 0x30a3, 0x30a3, 0x4104, 0x4104, 0x4104, 0x30a3, 0x30a3, 0x30a3, 0x30a3, 0x30a3, 0x30a3, 0x30a3, 0x30a3, 0x30a3, 0x2063, 0x2062, 0x2062, 0x2062, 0x2062, 0x2062, 0x2082, 0x4123, 0x4923, 0x4942, 0x4942, 0x4942, 0x4942, 0x4942, 0x4942, 0x4942, 0x4942, 0x4942, 0x4942, 0x4942, 0x4942, 0x4942, 0x4942, 0x4942, 0x4942, 0x4942, 0x4942, 0x4942, 0x4942, 0x4942, 0x4942, 0x4942, 0x4942, 0x4943, 0x4943, 0x30c3, 0x30c3, 0x30c3, 0x4923, 0x4942, 0x4942, 0x4942, 0x4942, 0x4942, 0x4942, 0x4942, 0x4942, 0x4942, 0x4942, 0x4943, 0x4943, 0x30c3, 0x30c3, 0x30c3, 0x30c3, 0x30c3, 0x30c3, 0x30c3, 0x30c3, 0x30c3, 0x30c3, 0x30c3, 0x30c3, 0x30c3, 0x30c3, 0x30c3, 0x30c3, 0x30c3, 0x2882, 0x4123, 0x4942, 0x4942, 0x4942, 0x4942, 0x4942, 0x4942, 0x4942, 0x4942, 0x4942, 0x4942, 0x4942, 0x4942, 0x4123, 0x4923, 0x4123, 0x2882, 0x4123, 0x4923, 0x4104, 0x4104, 0x4104, 0x4104, 0x4104, 0x4104, 0x4104, 0x4104, 0x4104, 0x4104, 0x4104, 0x4104, 0x30a3, 0x30a3, 0x30a3, 0x30a3, 0x30a3, 0x30a3, 0x30a3, 0x30a3},
		{0x30a3, 0x30a3, 0x30a3, 0x30a3, 0x30a3, 0x30a3, 0x30a3, 0x30a3, 0x30a3, 0x30a3, 0x30a3, 0x4104, 0x4104, 0x4104, 0x4104, 0x4104, 0x30a3, 0x30a3, 0x30a3, 0x30a3, 0x30a3, 0x30a3, 0x30a3, 0x30a3, 0x30a3, 0x30a3, 0x30a3, 0x30a3, 0x5984, 0x59a3, 0x59a3, 0x59a3, 0x59a3, 0x59a3, 0x59a3, 0x59a3, 0x59a3, 0x59a3, 0x59a3, 0x59a3, 0x59a3, 0x59a3, 0x59a3, 0x59a3, 0x59a3, 0x59a3, 0x59a3, 0x59a3, 0x59a3, 0x59a3, 0x59a3, 0x59a3, 0x59a3, 0x59a3, 0x59a3, 0x5984, 0x4104, 0x5984, 0x5983, 0x59a3, 0x59a3, 0x59a3, 0x59a3, 0x59a3, 0x59a3, 0x59a3, 0x59a3, 0x59a3, 0x59a3, 0x59a3, 0x59a3, 0x5984, 0x5983, 0x5984, 0x4104, 0x4104, 0x4104, 0x4104, 0x4104, 0x4104, 0x4104, 0x4104, 0x4104, 0x4104, 0x4104, 0x4104, 0x4104, 0x4104, 0x4104, 0x30a3, 0x5984, 0x59a3, 0x59a3, 0x59a3, 0x59a3, 0x59a3, 0x59a3, 0x59a3, 0x59a3, 0x59a3, 0x59a3, 0x5984, 0x30a3, 0x30a3, 0x4104, 0x4104, 0x4104, 0x4104, 0x4104, 0x4104, 0x4104, 0x4104, 0x4104, 0x4104, 0x4104, 0x4104, 0x4104, 0x4104, 0x4104, 0x4104, 0x4104, 0x4104, 0x30a3, 0x30a3, 0x30a3, 0x30a3, 0x30a3, 0x30a3},
		{0x30a3, 0x30a3, 0x30a3, 0x30a3, 0x30a3, 0x30a3, 0x30a3, 0x30a3, 0x30a3, 0x30a3, 0x30a3, 0x30a3, 0x30a3, 0x30a3, 0x30a3, 0x30a3, 0x30a3, 0x30a3, 0x30a3, 0x30a3, 0x30a3, 0x30a3, 0x30a3, 0x30a3, 0x30a3, 0x30a3, 0x30a3, 0x30a3, 0x30a3, 0x30a3, 0x30a3, 0x30a3, 0x5984, 0x5983, 0x59a3, 0x59a3, 0x59a3, 0x59a3, 0x59a3, 0x59a3, 0x59a3, 0x59a3, 0x59a3, 0x59a3, 0x59a3, 0x59a3, 0x59a3, 0x59a3, 0x59a3, 0x59a3, 0x59a3, 0x59a3, 0x59a3, 0x59a3, 0x59a3, 0x5984, 0x5984, 0x59a3, 0x59a3, 0x59a3, 0x59a3, 0x59a3, 0x59a3, 0x59a3, 0x59a3, 0x59a3, 0x59a3, 0x59a3, 0x59a3, 0x59a3, 0x59a3, 0x59a3, 0x59a3, 0x5984, 0x4104, 0x4104, 0x4104, 0x4104, 0x4104, 0x4104, 0x4104, 0x4104, 0x4104, 0x4104, 0x4104, 0x4104, 0x4104, 0x4104, 0x4104, 0x4104, 0x30a3, 0x5984, 0x59a3, 0x59a3, 0x59a3, 0x59a3, 0x59a3, 0x59a3, 0x59a3, 0x59a3, 0x5984, 0x4104, 0x4104, 0x4104, 0x4104, 0x4104, 0x4104, 0x4104, 0x4104, 0x4104, 0x30a3, 0x30a3, 0x30a3, 0x30a3, 0x30a3, 0x30a3, 0x30a3, 0x4104, 0x4104, 0x4104, 0x4104, 0x4104, 0x30a3, 0x30a3, 0x30a3, 0x30a3, 0x30a3, 0x30a3},
		{0x30a3, 0x30a3, 0x30a3, 0x30a3, 0x30a3, 0x30a3, 0x30a3, 0x30a3, 0x30a3, 0x30a3, 0x30a3, 0x30a3, 0x30a3, 0x30a3, 0x30a3, 0x30a3, 0x30a3, 0x30a3, 0x30a3, 0x30a3, 0x30a3, 0x30a3, 0x30a3, 0x30a3, 0x30a3, 0x30a3, 0x30a3, 0x30a3, 0x30a3, 0x30a3, 0x30a3, 0x30a3, 0x30a3, 0x5984, 0x59a3, 0x5983, 0x5983, 0x59a3, 0x59a3, 0x59a3, 0x59a3, 0x59a3, 0x59a3, 0x59a3, 0x59a3, 0x59a3, 0x59a3, 0x59a3, 0x59a3, 0x59a3, 0x59a3, 0x59a3, 0x59a3, 0x59a3, 0x59a3, 0x59a3, 0x59a3, 0x59a3, 0x59a3, 0x59a3, 0x59a3, 0x59a3, 0x59a3, 0x59a3, 0x59a3, 0x59a3, 0x59a3, 0x59a3, 0x59a3, 0x59a3, 0x59a3, 0x59a3, 0x59a3, 0x5984, 0x5984, 0x4104, 0x4104, 0x4104, 0x4104, 0x4104, 0x5984, 0x5984, 0x5984, 0x5984, 0x5984, 0x5984, 0x5984, 0x4104, 0x4104, 0x4104, 0x30a3, 0x5984, 0x6183, 0x59a3, 0x59a3, 0x59a3, 0x59a3, 0x59a3, 0x59a3, 0x5983, 0x30a3, 0x4104, 0x4104, 0x4104, 0x4104, 0x4104, 0x4104, 0x4104, 0x30a3, 0x30a3, 0x30a3, 0x30a3, 0x30a3, 0x30a3, 0x30a3, 0x30a3, 0x30a3, 0x30a3, 0x30a3, 0x30a3, 0x30a3, 0x30a3, 0x30a3, 0x30a3, 0x30a3, 0x30a3, 0x30a3, 0x30a3},
		{0x30a3, 0x30a3, 0x30a3, 0x30a3, 0x30a3, 0x30a3, 0x30a3, 0x30a3, 0x30a3, 0x30a3, 0x30a3, 0x30a3, 0x30a3, 0x30a3, 0x30a3, 0x30a3, 0x30a3, 0x30a3, 0x30a3, 0x30a3, 0x30a3, 0x30a3, 0x30a3, 0x30a3, 0x30a3, 0x30a3, 0x30a3, 0x3083, 0x30a3, 0x30a3, 0x30a3, 0x30a3, 0x28a3, 0x30a3, 0x30a3, 0x30a3, 0x5984, 0x5984, 0x5984, 0x5984, 0x5984, 0x5984, 0x5984, 0x5984, 0x5984, 0x5984, 0x5984, 0x5983, 0x59a3, 0x59a3, 0x59a3, 0x59a3, 0x59a3, 0x59a3, 0x59a3, 0x59a3, 0x59a3, 0x59a3, 0x59a3, 0x59a3, 0x59a3, 0x59a3, 0x59a3, 0x59a3, 0x59a3, 0x59a3, 0x59a3, 0x59a3, 0x59a3, 0x59a3, 0x59a3, 0x59a3, 0x5984, 0x4104, 0x4104, 0x4104, 0x4104, 0x4104, 0x4104, 0x4104, 0x4104, 0x4104, 0x5984, 0x5983, 0x5984, 0x4104, 0x4104, 0x4104, 0x4104, 0x4104, 0x30a3, 0x5984, 0x6183, 0x59a3, 0x59a3, 0x59a3, 0x59a3, 0x59a3, 0x59a3, 0x5983, 0x4104, 0x4104, 0x4104, 0x4104, 0x30a3, 0x30a3, 0x30a3, 0x30a3, 0x30a3, 0x30a3, 0x30a3, 0x30a3, 0x30a3, 0x30a3, 0x30a3, 0x30a3, 0x30a3, 0x30a3, 0x30a3, 0x30a3, 0x30a3, 0x30a3, 0x30a3, 0x30a3, 0x30a3, 0x30a3, 0x30a3, 0x30a3},
		{0x30a3, 0x30a3, 0x30a3, 0x30a3, 0x30a3, 0x30a3, 0x30a3, 0x30a3, 0x30a3, 0x30a3, 0x30a3, 0x30a3, 0x30a3, 0x30a3, 0x30a3, 0x30a3, 0x5984, 0x5984, 0x5984, 0x5984, 0x5984, 0x5984, 0x5984, 0x5984, 0x5984, 0x30a3, 0x30a3, 0x30a3, 0x30a3, 0x30a3, 0x30a3, 0x30a3, 0x30a3, 0x30a3, 0x30a3, 0x3083, 0x30a3, 0x30a3, 0x30a3, 0x30a3, 0x30a3, 0x30a3, 0x30a3, 0x30a3, 0x30a3, 0x30a3, 0x30a3, 0x5984, 0x59a3, 0x59a3, 0x59a3, 0x59a3, 0x59a3, 0x59a3, 0x59a3, 0x59a3, 0x59a3, 0x59a3, 0x59a3, 0x59a3, 0x59a3, 0x59a3, 0x59a3, 0x59a3, 0x59a3, 0x59a3, 0x59a3, 0x59a3, 0x59a3, 0x59a3, 0x5983, 0x5984, 0x4104, 0x4104, 0x4104, 0x4104, 0x4104, 0x4104, 0x4104, 0x4104, 0x4104, 0x4104, 0x5984, 0x5984, 0x6183, 0x5984, 0x5984, 0x4104, 0x4104, 0x4104, 0x30a3, 0x5984, 0x5983, 0x59a3, 0x59a3, 0x59a3, 0x59a3, 0x59a3, 0x59a3, 0x59a3, 0x5984, 0x5984, 0x5984, 0x5984, 0x5984, 0x5984, 0x5984, 0x5984, 0x5984, 0x5984, 0x5984, 0x5984, 0x5984, 0x5984, 0x5984, 0x5984, 0x5984, 0x5984, 0x5984, 0x30a3, 0x30a3, 0x30a3, 0x30a3, 0x30a3, 0x30a3, 0x30a3, 0x30a3, 0x30a3},
		{0x30a3, 0x30a3, 0x30a3, 0x30a3, 0x30a3, 0x30a3, 0x30a3, 0x30a3, 0x30a3, 0x30a3, 0x30a3, 0x30a3, 0x5984, 0x59a3, 0x59a3, 0x59a3, 0x5983, 0x5983, 0x5983, 0x5983, 0x5983, 0x5983, 0x5983, 0x5983, 0x5983, 0x5983, 0x5984, 0x30a3, 0x30a3, 0x30a3, 0x30a3, 0x30a3, 0x30a3, 0x30a3, 0x30a3, 0x30a3, 0x30a3, 0x30a3, 0x30a3, 0x30a3, 0x5984, 0x5984, 0x5984, 0x5984, 0x5984, 0x5984, 0x5984, 0x5983, 0x59a3, 0x59a3, 0x59a3, 0x59a3, 0x59a3, 0x59a3, 0x59a3, 0x59a3, 0x59a3, 0x59a3, 0x59a3, 0x59a3, 0x59a3, 0x59a3, 0x59a3, 0x61a3, 0x59a3, 0x59a3, 0x59a3, 0x59a3, 0x59a3, 0x5983, 0x5984, 0x4104, 0x4104, 0x4104, 0x4104, 0x4104, 0x4104, 0x4104, 0x4104, 0x4104, 0x5984, 0x5984, 0x4104, 0x4104, 0x5984, 0x4104, 0x5984, 0x5984, 0x4104, 0x4104, 0x4104, 0x30a3, 0x5984, 0x5983, 0x59a3, 0x59a3, 0x59a3, 0x59a3, 0x59a3, 0x59a3, 0x59a3, 0x59a3, 0x59a3, 0x59a3, 0x59a3, 0x5983, 0x5983, 0x5983, 0x5983, 0x5983, 0x5983, 0x5983, 0x5983, 0x5983, 0x5983, 0x5983, 0x5983, 0x5983, 0x5983, 0x5984, 0x30a3, 0x30a3, 0x30a3, 0x30a3, 0x30a3, 0x30a3, 0x30a3, 0x30a3},
		{0x30a3, 0x30a3, 0x30a3, 0x30a3, 0x30a3, 0x30a3, 0x30a3, 0x30a3, 0x30a3, 0x28a3, 0x30a3, 0x5984, 0x59a3, 0x59a3, 0x59a3, 0x59a3, 0x59a3, 0x59a3, 0x59a3, 0x59a3, 0x59a3, 0x59a3, 0x59a3, 0x59a3, 0x59a3, 0x59a3, 0x6183, 0x5984, 0x5984, 0x5984, 0x5984, 0x30a3, 0x30a3, 0x5984, 0x5984, 0x5984, 0x5984, 0x5984, 0x5984, 0x5984, 0x5983, 0x59a3, 0x59a3, 0x59a3, 0x59a3, 0x59a3, 0x59a3, 0x59a3, 0x59a3, 0x59a3, 0x59a3, 0x59a3, 0x59a3, 0x59a3, 0x59a3, 0x59a3, 0x59a3, 0x59a3, 0x59a3, 0x59a3, 0x59a3, 0x6183, 0x5983, 0x59a3, 0x59a3, 0x5983, 0x59a3, 0x5984, 0x59a4, 0x5984, 0x59a4, 0x5984, 0x5984, 0x4104, 0x4104, 0x4104, 0x4104, 0x4104, 0x4104, 0x4104, 0x4104, 0x4104, 0x5984, 0x5984, 0x5984, 0x5984, 0x5983, 0x5983, 0x5984, 0x5984, 0x5984, 0x4104, 0x30a3, 0x5983, 0x5984, 0x59a3, 0x59a3, 0x59a3, 0x59a3, 0x59a3, 0x59a3, 0x59a3, 0x59a3, 0x59a3, 0x59a3, 0x59a3, 0x59a3, 0x59a3, 0x59a3, 0x59a3, 0x59a3, 0x59a3, 0x59a3, 0x59a3, 0x59a3, 0x59a3, 0x59a3, 0x59a3, 0x59a3, 0x5983, 0x5984, 0x30a3, 0x30a3, 0x30a3, 0x30a3, 0x30a3, 0x30a3, 0x30a3},
		{0x30a3, 0x30a3, 0x30a3, 0x30a3, 0x30a3, 0x30a3, 0x30a3, 0x30a3, 0x30a3, 0x30a3, 0x5984, 0x5983, 0x59a3, 0x59a3, 0x59a3, 0x59a3, 0x59a3, 0x59a3, 0x59a3, 0x59a3, 0x59a3, 0x59a3, 0x59a3, 0x59a3, 0x59a3, 0x59a3, 0x59a3, 0x5983, 0x59a3, 0x59a3, 0x59a3, 0x5983, 0x5983, 0x5983, 0x59a3, 0x59a3, 0x59a3, 0x59a3, 0x59a3, 0x59a3, 0x59a3, 0x59a3, 0x59a3, 0x59a3, 0x59a3, 0x59a3, 0x59a3, 0x59a3, 0x59a3, 0x59a3, 0x59a3, 0x59a3, 0x59a3, 0x59a3, 0x59a3, 0x59a3, 0x5983, 0x5984, 0x5984, 0x5984, 0x5984, 0x5984, 0x30a3, 0x4104, 0x5984, 0x5984, 0x5984, 0x4104, 0x4104, 0x4104, 0x4104, 0x4104, 0x4104, 0x4104, 0x4104, 0x4104, 0x4104, 0x4104, 0x4104, 0x4104, 0x4104, 0x4104, 0x4104, 0x4104, 0x4104, 0x4104, 0x4104, 0x4104, 0x4104, 0x4104, 0x4104, 0x4104, 0x30a3, 0x5983, 0x59a3, 0x59a3, 0x59a3, 0x59a3, 0x59a3, 0x59a3, 0x59a3, 0x59a3, 0x59a3, 0x59a3, 0x59a3, 0x59a3, 0x59a3, 0x59a3, 0x59a3, 0x59a3, 0x59a3, 0x59a3, 0x59a3, 0x59a3, 0x59a3, 0x59a3, 0x59a3, 0x59a3, 0x59a3, 0x59a3, 0x5983, 0x5984, 0x30a3, 0x30a3, 0x30a3, 0x30a3, 0x30a3, 0x30a3},
		{0x30a3, 0x30a3, 0x30a3, 0x30a3, 0x30a3, 0x30a3, 0x30a3, 0x30a3, 0x30a3, 0x5984, 0x5983, 0x59a3, 0x59a3, 0x59a3, 0x59a3, 0x59a3, 0x59a3, 0x59a3, 0x59a3, 0x59a3, 0x59a3, 0x59a3, 0x59a3, 0x59a3, 0x59a3, 0x59a3, 0x59a3, 0x59a3, 0x59a3, 0x59a3, 0x59a3, 0x59a3, 0x59a3, 0x59a3, 0x59a3, 0x59a3, 0x59a3, 0x59a3, 0x59a3, 0x59a3, 0x59a3, 0x59a3, 0x59a3, 0x59a3, 0x59a3, 0x59a3, 0x59a3, 0x59a3, 0x59a3, 0x59a3, 0x59a3, 0x59a3, 0x59a3, 0x59a3, 0x59a3, 0x59a3, 0x5984, 0x30a3, 0x30a3, 0x30a3, 0x30a3, 0x30a3, 0x4104, 0x4104, 0x4104, 0x4104, 0x4104, 0x4104, 0x4104, 0x4104, 0x4104, 0x4104, 0x4104, 0x4104, 0x4104, 0x4104, 0x4104, 0x4104, 0x4104, 0x4104, 0x4104, 0x4104, 0x4104, 0x4104, 0x4104, 0x4104, 0x4104, 0x4104, 0x4104, 0x4104, 0x4104, 0x4104, 0x30a3, 0x5984, 0x59a3, 0x59a3, 0x59a3, 0x59a3, 0x59a3, 0x59a3, 0x59a3, 0x59a3, 0x59a3, 0x59a3, 0x59a3, 0x59a3, 0x59a3, 0x59a3, 0x59a3, 0x59a3, 0x59a3, 0x59a3, 0x59a3, 0x59a3, 0x59a3, 0x59a3, 0x59a3, 0x59a3, 0x59a3, 0x59a3, 0x59a3, 0x61a3, 0x5984, 0x30a3, 0x30a3, 0x30a3, 0x30a3, 0x30a3}
};


#endif  
	 
	 



